PROPLU,Clean Brand,PRONAME,Total Cost 6M,Total Qty 6M,Total Revenue 6M,Selling Price,FC Pct 6M
3000515,BBT,1.5 Deal ( Filaaa Wrap N Toast ),3638.3904426351082,6464,9696,1.5,37.52%
2202109,BBT,1.500 deal,0,8,12,1.5,0.00%
7001022,BBT,2 filaaa on toast + 2 Fries buy one get one,16.99420648468971,22,85.79999999999998,3.899999999999999,19.81%
3003088,BBT,2 PCS TENDERS(Dummy),187.1225,19881,15727.199999999999,0.7910668477440772,1.19%
3003040,BBT,2pc Chicken Tenders,17.5725927414,61,67.1,1.0999999999999999,26.19%
40002226,BBT,3.5 KD Deal(2chicken filla 2small fries meal),285.987546909512,332,1162,3.5,24.61%
2202105,BBT,3.5 KD Meal BBT,0,23309,81513.15000000001,3.4970676562701106,0.00%
3000581,BBT,3AMO'S BLIND BOX,3.8999045779802346,8,56,7,6.96%
3000566,BBT,3amo's Burger combo,14518.579710005946,29770,72936.49999999999,2.4499999999999993,19.91%
1208,BBT,7Up Cheeseburger Duo Combo,3447.6004443300008,41867,1048.9,0.02505314448133375,328.69%
2202122,BBT,Add Lettuce,23.331798401500002,458,114.5,0.25,20.38%
3004009,BBT,Add on Ketchup BBT,52.301579620850006,5988,767.46,0.12816633266533067,6.81%
888,BBT,AQUAFINA WATER TENDERS DUO COMBO,45.451202540000004,1309,398.6500000000001,0.3045454545454546,11.40%
1187,BBT,BBT 12 oz 7up,35.219915670000006,341,115.85,0.33973607038123166,30.40%
1186,BBT,BBT 12 oz Diet Pepsi,29.850336749999997,289,93.1,0.3221453287197232,32.06%
1188,BBT,BBT 12 oz Miranda,22.206806110000002,215,58.1,0.2702325581395349,38.22%
1185,BBT,BBT 12 oz Pepsi,55.108520652050004,537,179.9,0.3350093109869646,30.63%
3002028,BBT,BBT 24 oz Shani one stop combo,10.582010469999998,63,28.35,0.45,37.33%
3002043,BBT,BBT 7 Up Bottle 500 ML,39.048529179999996,379,231,0.6094986807387863,16.90%
3003010,BBT,BBT 7UP,810.37479943,4776,2183.0807042253523,0.45709394979592805,37.12%
3002016,BBT,BBT 7up Can,562.87756469,6886,1007.0448028169016,0.14624525164346522,55.89%
3002027,BBT,BBT 7UP one stop combo,27.37885257,163,73.35000000000001,0.45000000000000007,37.33%
3003002,BBT,BBT Aquafina Water,2103.70655183,60587,3799.2500000000005,0.06270734646046182,55.37%
3006022,BBT,BBT Band-Aids,4.74243,3,8.25,2.75,57.48%
3004020,BBT,BBT BBQ Sauce,1014.3164686499998,17035,5077.079999999999,0.29803815673613143,19.98%
3006005,BBT,BBT Bumper Sticker 4PCS,0.1,2,2,1,5.00%
3006015,BBT,BBT Car Air Freshener - Bonehead,3.1165,11,11,1,28.33%
3006016,BBT,BBT Car Air Freshener - Messy,2.0838,10,10,1,20.84%
3006014,BBT,BBT Car Air Freshener - Sony,5.91928,20,20,1,29.60%
3006023,BBT,BBT Erasers,1.58261,1,3,3,52.75%
3006018,BBT,BBT keychain,6.70309796,22,33,1.5,20.31%
3002005,BBT,BBT Kinza Cola,268.95902446,4323,544.5,0.12595419847328243,49.40%
3002006,BBT,BBT Kinza Diet Cola,307.83720646,4947,696.6,0.14081261370527592,44.19%
3002007,BBT,BBT Kinza Lemon,217.83765548999997,3511,339.75,0.09676730276274566,64.12%
3002009,BBT,BBT Kinza Orange,0.06521653,1,0.45,0.45,14.49%
3004012,BBT,BBT Mayo Portion (PA),1079.51216705,19880,5940,0.2987927565392354,18.17%
3002042,BBT,BBT Mirinda Orange Bottle 500 ML,7.51621201,73,48.75,0.6678082191780822,15.42%
3002026,BBT,BBT Mirinda Orange one stop combo,6.71880397,40,17.999999999999996,0.4499999999999999,37.33%
3002014,BBT,BBT Mountain Dew Can,497.84253263000005,6040,1146.18226,0.1897652748344371,43.43%
3002010,BBT,BBT Mountain Dew Zero,0.41212165,5,3.75,0.75,10.99%
3006027,BBT,BBT Park Tee,2.07382083,1,7.5,7.5,27.65%
3002024,BBT,BBT Pepsi  BIB one stop combo,244.03813105849997,1459,936.15,0.6416381082933516,26.07%
3002012,BBT,BBT Pepsi Can,1061.09221953,12915,2545.9119,0.19712829268292684,41.68%
3002025,BBT,BBT Pepsi Diet BIB one stop combo,283.53069475,1688,1086.3,0.643542654028436,26.10%
3002013,BBT,BBT Pepsi Zero Can,1526.91028405,18525,4018.2861,0.21691153036437247,38.00%
3003046,BBT,BBT Ranch Sauce,1239.7328752121998,13240,6201.05,0.468357250755287,19.99%
3006029,BBT,BBT Red Basic Cap,10.95075,5,50,10,21.90%
3004002,BBT,BBT Sauce Portion (PA),2984.35300752,54162,16179.599999999999,0.29872604408995235,18.45%
3002017,BBT,BBT Shani Can,77.06655682,935,416.25,0.4451871657754011,18.51%
3003009,BBT,BBT Shani Strawberry BIB FP,390.52897869000003,2325,1260.3000000000002,0.5420645161290323,30.99%
3006006,BBT,BBT Sticker A5,28.392000000000003,85,80,0.9411764705882353,35.49%
2202107,BBT,BBT Suuber Deal,0,19270,49647.850000000006,2.576432278152569,0.00%
925,BBT,BBT Tender Fillaaa Sauce,2445.532534129,24725,6857.01,0.27733104145601617,35.66%
3001001,BBT,BBT Westcoast FP,47903.248306529604,83859,90573.34999999999,1.0800671365029393,52.89%
3001007,BBT,BBT Westcoast Raw Onion FP,5200.3449970636075,10833,9353.94,0.8634671836056494,55.60%
3001011,BBT,BBT Westcoast Without onion,33892.09846834742,72333,16939.74,0.2341910331384016,200.07%
2202139,BBT,Beef Dynamite Stick,1674.5514664999998,5373,5104.35,0.9500000000000001,32.81%
2202147,BBT,Beef Dynamite Stick ( your choice of dynamite stick ),447.5042380196,1482,1018.4,0.6871794871794872,43.94%
3006021,BBT,Best Burger Corduroy Strap Back,3.95361842,1,12,12,32.95%
3000564,BBT,Burger on toast Duo Combo,11625.73020304395,19383,38766,2,29.99%
3006030,BBT,Bus Stop sticker sheet,0,18,27,1.5,0.00%
3003776,BBT,Butter biscuit,0,41,10.15,0.2475609756097561,0.00%
3003014,BBT,Butter Cup Frostie BBT,2.00389945,10,12.5,1.25,16.03%
3003025,BBT,Butter Cup Milkshake 12oz BBT,81.44761563323934,327,488.1,1.4926605504587156,16.69%
3003004,BBT,Butter Cup Milkshake BBT,80.64890656065364,191,372.45,1.95,21.65%
3004031,BBT,Cheese Dip,3446.9339767720003,28253,13289.600000000004,0.4703783668990905,25.94%
1205,BBT,Cheeseburger Duo Combo,18051.099330573554,29817,59218.99999999999,1.986081765435825,30.48%
1220,BBT,Chicken Burger Duo Combo,11225.353980277105,16482,32859.45,1.9936567164179102,34.16%
2202140,BBT,Chicken Dynamite Stick,1993.1561257100002,7554,5138.55,0.6802422557585386,38.79%
2202148,BBT,Chicken Dynamite Stick ( Your choice of dynamite stick ),233.00188887119998,887,574.7500000000001,0.6479706877113868,40.54%
1134,BBT,Chicken Fillaaa Combo,3380.305645624104,7490,21894.9,2.9232176234979974,15.44%
1277,BBT,Chicken Fillaaa Duo Combo,148.7914427639,225,506.25,2.25,29.39%
3000895,BBT,Chicken Fillaaaa,8424.337927580538,22490,52595.9,2.338634948866163,16.02%
1168,BBT,Chicken Nugget Combo,445.69857477000005,1387,2814.65,2.0293078586878157,15.83%
3001010,BBT,CHICKEN NUGGETS (20 PCS),4410.049265298,4226,16651.62,3.9402792238523423,26.48%
3001009,BBT,CHICKEN NUGGETS (6 PCS),11991.8833023652,36640,47758.35999999999,1.3034486899563318,25.11%
1298,BBT,Chilli Lime  Chilli Lime Old Skool Meal,4.42471800309,493,49.00000000000001,0.09939148073022314,9.03%
1354,BBT,Chilli Lime  Chilli Lime Supreme Meal,1.99251800679,224,22.400000000000002,0.1,8.90%
1087,BBT,Chilli Lime  Classic Old Skool Meal,1.89913861413,216,21.5,0.09953703703703703,8.83%
1339,BBT,Chilli Lime  Classic Supreme Meal,0.78784777491,90,9,0.1,8.75%
3001016,BBT,Chilli Lime 3,1650.6317432867502,117894,8616.600000000002,0.07308768894091304,19.16%
1255,BBT,Chilli Lime For Fries Chicken Fillaaa Combo,5.9298799229500005,392,39.1,0.09974489795918368,15.17%
1259,BBT,Chilli Lime For Fries Chicken Nugget Combo,0.46847919844999997,31,3.1,0.1,15.11%
1251,BBT,Chilli Lime For Fries Quarter Pounder Combo,3.5693632083499995,240,23.999999999999996,0.09999999999999999,14.87%
1253,BBT,Chilli Lime For Fries Southwest Combo,31.764755748850003,1977,197.6,0.09994941831057157,16.08%
1076,BBT,Chilli Lime For Fries Westcoast Combo,14.58490382205,978,97.20000000000002,0.09938650306748469,15.01%
1257,BBT,Chilli Lime For Fries  Little Wrap Fillaaa Combo,1.7794193998499996,121,12.100000000000001,0.1,14.71%
2202062,BBT,Chilli Lime Old Skool,1014.0313624838807,4467,5546.25,1.241605104096709,18.28%
1590,BBT,Chilli Lime Old Skool Combo,2244.7387412728267,9798,8693.65,0.88728822208614,25.82%
2202099,BBT,CHILLI LIME OLD SKOOL COMBO(Dummy),0,151,1.85,0.012251655629139073,0.00%
1098,BBT,Chilli Lime Old Skool Meal,1005.7169754515279,3903,7183.549999999999,1.8405201127337942,14.00%
1573,BBT,CHILLI LIME SALT N VINEGAR FILLAAA TENDERS,10.745287372799998,703,69.94,0.09948790896159317,15.36%
2202064,BBT,Chilli Lime Supreme,1559.0502826198317,5637,7613.5,1.350629767606883,20.48%
1350,BBT,Chilli Lime Supreme Meal,286.1088677767827,989,1924.65,1.9460566228513652,14.87%
928,BBT,CHILLI LIME TENDERS FILLAAA,37849.41914060289,52198,157744,3.022031495459596,23.99%
3003133,BBT,Chilli Lime  Cheeseburger Duo Combo,0.0187031,2,0.2,0.1,9.35%
625,BBT,Chilli Lime  CLASSIC ROLLS BEEF COMBO,1.05814306089,121,12.1,0.09999999999999999,8.74%
2202103,BBT,Chilli Lime  Little Wrap Fillaaa Duo Combo,0.00903151731,1,0.1,0.1,9.03%
643,BBT,Chilli Lime  SMOKEY ROLLS BEEF COMBO,1.1693320911899998,131,13.100000000000001,0.1,8.93%
3002001,BBT,Classic Fries BBT FP,3924.8879774524257,34238,27116.040000000005,0.791986681465039,14.47%
2202110,BBT,Classic Fries BBT FP - ( 1.5 KD Deal ),122.20628421497662,1107,1051.65,0.9500000000000001,11.62%
2202061,BBT,Classic Old Skool,2074.5092775765884,9522,11727.5,1.2316215080865365,17.69%
1589,BBT,Classic Old Skool Combo,5059.4967744913265,22998,20104.4,0.8741803635098705,25.17%
1083,BBT,Classic Old Skool Meal,1439.6273909065662,5969,10911.3,1.8279946389680013,13.19%
2202067,BBT,CLASSIC ROLLS BEEF,9221.180645207778,16140,29757.850000000002,1.8437329615861215,30.99%
747,BBT,CLASSIC ROLLS BEEF COMBO,1883.3873827597324,3100,6333.250000000001,2.0429838709677424,29.74%
2202088,BBT,CLASSIC ROLLS BEEF COMBO(Dummy),0,2836,49.00000000000001,0.017277856135401976,0.00%
2202063,BBT,Classic Supreme,2911.9507385867905,11093,14969.949999999999,1.349495177138736,19.45%
1335,BBT,Classic Supreme Meal,735.873367341325,2589,5030.999999999999,1.9432213209733484,14.63%
2202100,BBT,CLASSIC SUPREME MEAL(Dummy),0,307,1.95,0.006351791530944625,0.00%
3003021,BBT,Classic Tornado Biscuit Cone,320.27558582229733,2296,1135,0.4943379790940767,28.22%
3003031,BBT,Coca Cola Bottle,0.20606084,2,1.5,0.75,13.74%
3003032,BBT,Coca Cola Zero Bottle,0.10303,1,0.75,0.75,13.74%
921,BBT,Coleslaw,718.3328748644,12682,5684.759999999999,0.44825421857751135,12.64%
2202141,BBT,Corn Dynamite Stick,597.3080921784,2839,2697.0499999999997,0.95,22.15%
2202149,BBT,Corn Dynamite Stick ( Your Choice of Dynamite Stick ),137.3816338308,656,413.25,0.629954268292683,33.24%
3002003,BBT,Curly Fries,4492.204616393463,16851,14618.9,0.867539018455878,30.73%
1617,BBT,Curly Fries Cheeseburger Duo Combo,239.03462120399996,1494,223.64999999999998,0.14969879518072288,106.88%
1136,BBT,Curly Fries Chicken Fillaaa Combo,12441.432149547218,67507,23317.63,0.3454105500170353,53.36%
1170,BBT,Curly Fries Chicken Nugget Combo,28.83176688258315,173,25.95,0.15,111.11%
1296,BBT,Curly Fries Chilli Lime Old Skool Meal,84.3236621447499,506,75.9,0.15000000000000002,111.10%
1352,BBT,Curly Fries Chilli Lime Supreme Meal,36.49807921874993,219,32.849999999999994,0.14999999999999997,111.11%
1085,BBT,Curly Fries Classic Old Skool Meal,165.489104861833,993,148.95000000000002,0.15000000000000002,111.10%
623,BBT,CURLY FRIES CLASSIC ROLLS BEEF COMBO,101.9915391614166,612,91.80000000000001,0.15000000000000002,111.10%
1337,BBT,Curly Fries Classic Supreme Meal,70.99926764049978,426,63.900000000000006,0.15000000000000002,111.11%
930,BBT,Curly Fries For Chili Lime Tender Fila,586.53111595,3666,544.77,0.14860065466448444,107.67%
924,BBT,Curly Fries for Tender Filla,559.4966424020001,3497,517.08,0.14786388332856734,108.20%
1620,BBT,Curly Fries Little Chicken Burger Duo Combo,150.8297934169165,905,135.45,0.1496685082872928,111.35%
1153,BBT,Curly Fries Little Wrap Fillaaa Combo,70.15888743833328,421,63.15,0.15,111.10%
1611,BBT,Curly Fries Little Wrap Fillaaa Duo Combo,225.32361412433303,1352,202.5,0.14977810650887574,111.27%
1623,BBT,Curly Fries Nuggets Duo Combo,45.49724496424995,273,40.800000000000004,0.14945054945054947,111.51%
1593,BBT,Curly Fries Old skool duo combo,139.99472125874988,840,124.95,0.14875,112.04%
1102,BBT,Curly Fries Quarter Pounder Combo,174.99492305216643,1050,157.5,0.15,111.11%
1572,BBT,Curly Fries SALT N VINEGAR FILLAAA TENDERS,160.65629102333284,964,144,0.14937759336099585,111.57%
641,BBT,CURLY FRIES SMOKEY ROLLS BEEF COMBO,50.16442790974995,301,45.15,0.15,111.11%
1119,BBT,Curly Fries Southwest Combo,102.9968861105832,618,92.7,0.15,111.11%
1614,BBT,Curly Fries Tenders Duo Combo,70.4976689169999,423,63.3,0.14964539007092198,111.37%
1058,BBT,Curly Fries Westcoast Combo,515.1523469322498,3091,463.65000000000003,0.15000000000000002,111.11%
4015004,BBT,Delivery Charges 1 kd,0,23,19,0.8260869565217391,0.00%
923,BBT,Extra 1pc Tenders,871.04262570344,7573,3780.5,0.499207711607025,23.04%
932,BBT,Extra 1pc Tenders For CLTF,312.93557080652,2653,1314.6999999999998,0.4955522050508857,23.80%
3003043,BBT,Extra 1pc Toast For CLTF,61.932787305,2996,1047.2,0.34953271028037386,5.91%
3003039,BBT,Extra 4pcs Nuggets,1072.54303475,6095,4336.500000000001,0.711484823625923,24.73%
3003091,BBT,EXTRA BBQ SAUCE,8.68601507,469,119.14,0.25402985074626866,7.29%
3003071,BBT,Extra BBT BBQ Sauce,125.13908292999997,2507,752.1000000000001,0.30000000000000004,16.64%
3003119,BBT,Extra BBT Bun 4,0.45833334,6,1.2,0.19999999999999998,38.19%
3003134,BBT,Extra BBT CHEESE,71.15220258000001,3713,735.3999999999999,0.19806086722326954,9.68%
3003072,BBT,Extra BBT Honey Mustard Sauce,82.46504758000002,979,293.58,0.2998774259448417,28.09%
3003116,BBT,Extra BBT Sauce-V1,7.29765753155,505,50.5,0.1,14.45%
3003073,BBT,Extra BBT Sweet Chilli Sauce,68.22100366,800,240,0.3,28.43%
3003121,BBT,Extra Beef Patty BBT,9.94532568,70,35,0.5,28.42%
3003120,BBT,Extra CARAMELIZED ONION,7.58024234,104,31.2,0.3,24.30%
3004007,BBT,Extra Cheese BBT FP,913.2632672842,45418,9042.4,0.1990928706680171,10.10%
3003057,BBT,Extra Cheese Chilli Lime Old School,23.819604369719997,1243,246.2,0.1980691874497184,9.67%
3003065,BBT,Extra Cheese Chilli Lime Supreme,13.6823796716,714,141.4,0.19803921568627453,9.68%
3003053,BBT,Extra Cheese Classic Old School,57.81475820144001,3017,589.3599999999999,0.19534637056678816,9.81%
3003089,BBT,Extra Cheese CLASSIC ROLLS BEEF,21.212487996,1062,208.40000000000003,0.1962335216572505,10.18%
3003061,BBT,Extra Cheese Classic Supreme,30.564978633199996,1595,315.40000000000003,0.19774294670846398,9.69%
3003122,BBT,Extra CHICKEN TEMPURA,0.18966667,1,0.45,0.45,42.15%
933,BBT,Extra Coleslaw For CLTF,14.748879305600001,278,124.83000000000003,0.44902877697841737,11.82%
3004005,BBT,Extra Lettuce,238.266095745944,11091,558.8,0.050383193580380486,42.64%
3004008,BBT,Extra Patty,1044.0406237099999,7613,3787.9000000000005,0.4975568107185079,27.56%
3003127,BBT,EXTRA PATTY 130G,66.12480000000001,252,125,0.49603174603174605,52.90%
3004014,BBT,Extra Peanut Butter BBT,13.093635876859999,113,8.45,0.07477876106194689,154.95%
3003092,BBT,EXTRA PEPPER MAYO,323.8768093532499,19548,387.99999999999994,0.01984857785962758,83.47%
3003123,BBT,Extra Roast beef,0.1428,2,0.9,0.45,15.87%
3003058,BBT,Extra Sauce Chilli Lime Old School,4.524761076100001,135,20.16,0.14933333333333335,22.44%
3003066,BBT,Extra Sauce Chilli Lime Supreme,3.6988036273,110,16.38,0.1489090909090909,22.58%
3003054,BBT,Extra Sauce Classic Old School,9.0307594472,269,40.05,0.14888475836431225,22.55%
3003090,BBT,EXTRA SAUCE Classic Rolls Beef,3.1154150991,188,27.9,0.14840425531914894,11.17%
3003062,BBT,Extra Sauce Classic Supreme,6.3085067904,190,28.44,0.1496842105263158,22.18%
3003042,BBT,Extra Sauce For CLTF,35.603013657257144,278,124.2,0.44676258992805756,28.67%
3004015,BBT,Extra Strawberry Puree BBT,2.4779999999999998,14,3.5,0.25,70.80%
3003033,BBT,Fanta Orange Bottle,0.10302973,1,0.75,0.75,13.74%
2202138,BBT,Fillaa on Toast Duo Combo,26102.180216938283,38915,77830,2,33.54%
3005020,BBT,Fillaaa Cap,2.488,1,6.5,6.5,38.28%
3005018,BBT,Fillaaa Keychain,11.368,8,20,2.5,56.84%
2202069,BBT,Fillaaa on Toast,1286.0392864802757,4321,6481.5,1.5,19.84%
3000333,BBT,FILLAAA PARTY,339.02700000000004,8693,84092.1,9.673541930288739,0.40%
2202121,BBT,FILLAAA PARTY ( 5.75 ),0,1007,9001.599999999999,8.939026812313802,0.00%
2202145,BBT,Fillaaa Popcorn,2461.96035331,11827,11235.65,0.95,21.91%
3003074,BBT,Fillaaa Sauce,1122.6715297125,38987,9383.400000000001,0.24068022674224746,11.96%
3003117,BBT,Fillaaa Sauce-V1,0.28802996775,10,1,0.1,28.80%
3005017,BBT,Fillaaa Sticker,12.32407418,22,33,1.5,37.35%
3005019,BBT,Fillaaa T.Shirt,3.986,1,8.5,8.5,46.89%
3000582,BBT,FILLAAA TENDERS BLIND BOX ( Dummy ),15.1898026088,32,224,7,6.78%
3004021,BBT,Honey Mustard,1965.1080054396002,22123,6610.44,0.29880395967997103,29.73%
3005021,BBT,K&M SAUCE,557.7168617012001,7007,1751.75,0.25,31.84%
2202073,BBT,Keeta new year combo,848.4630460819574,1516,9096,6,9.33%
2202077,BBT,Keeta new year combo 2,493.0486401221053,866,5196,6,9.49%
3000580,BBT,Kid Kit Blind Box,0,39,273,7,0.00%
3003023,BBT,Kids Meal Juice Tang BBT CMM (PA),597.4156923300001,7213,2184.75,0.30289061416886176,27.34%
3002046,BBT,Kinza Cola Diet 360 ML,178.28125814999999,2445,360,0.147239263803681,49.52%
3002008,BBT,Kinza Diet Lemon,1329.49158526,21509,1011.4499999999999,0.047024501371518895,131.44%
1150,BBT,Kinza Lemon Chicken Fillaaa Combo,1139.56347919,18473,457.4,0.024760461213663182,249.14%
1182,BBT,Kinza Cola Chicken Nugget Combo,1242.8940023399998,20156,639.4,0.031722564000793804,194.38%
1218,BBT,Kinza Diet Cola Cheeseburger Duo Combo,1663.8115716500004,26959,804.6,0.029845320672131758,206.79%
3001023,BBT,Large CURLY FRIES 160 g,228.38646990490668,940,136.8,0.14553191489361703,166.95%
3002898,BBT,Lipton Ice Tea - Lemon Zero BBT,37.12776028,326,75.25,0.2308282208588957,49.34%
3002899,BBT,Lipton Ice Tea - Peach Zero BBT,103.17747607999999,906,204.04999999999998,0.22522075055187635,50.56%
3002900,BBT,Lipton Ice Tea - Red Fruits Zero BBT,62.96917457,553,129.85,0.23481012658227848,48.49%
3002901,BBT,Lipton Ice Tea - Tropical Zero BBT,52.38251093999999,461,110.95000000000002,0.2406724511930586,47.21%
3001003,BBT,Little Cheeseburger,16828.529968682844,59836,65447.96999999999,1.0937891904539072,25.71%
3001004,BBT,Little Cheeseburger KidKit,7444.916476769714,16557,32213.05,1.9455849489641843,23.11%
3000897,BBT,Little Chicken Burger,9745.491824590074,28328,26803.400000000005,0.9461804574978822,36.36%
3000898,BBT,Little Chicken Burger Kidkit,8798.589533483548,16981,32974.5,1.9418467699193216,26.68%
40002227,BBT,Little Wrap Fillaaa (1.500 deal),246.17954822172,1019,1528.5,1.5,16.11%
1151,BBT,Little Wrap Fillaaa Combo,980.1969329918837,3243,5783.4,1.7833487511563366,16.95%
1190,BBT,Little Wrap Fillaaa Duo Combo,17090.38171350245,34421,46026.15,1.3371531913657362,37.13%
2202128,BBT,MEDIUM,0,21796,64291.9,2.949710956138741,0.00%
3000327,BBT,MEDIUM CHICKEN FILLAAA COMBO,654.36309452244,1461,4742.099999999999,3.245790554414784,13.80%
3000320,BBT,MEDIUM CHICKEN NUGGETS COMBO,50.450379999999996,157,369.59999999999997,2.354140127388535,13.65%
2202092,BBT,MEDIUM CHILLI LIME OLD SKOOL COMBO,205.76210112925287,782,1711.6000000000001,2.188746803069054,12.02%
2202096,BBT,MEDIUM CHILLI LIME SUPREME COMBO,43.89940754121999,144,321.99999999999994,2.2361111111111107,13.63%
2202090,BBT,MEDIUM CLASSIC OLD SKOOL MEAL,184.5043751511,726,1586.1999999999998,2.1848484848484846,11.63%
2202082,BBT,MEDIUM CLASSIC ROLLS BEEF COMBO,224.15295866955003,371,1038.7999999999997,2.7999999999999994,21.58%
2202094,BBT,MEDIUM CLASSIC SUPREME MEAL,115.22710258485286,390,894.6999999999999,2.294102564102564,12.88%
3001020,BBT,Medium CURLY FRIES 120 g,411.36436991984,2478,367.79999999999995,0.14842615012106536,111.84%
3001029,BBT,Medium French FRIES 120 g-V1,17811.470136941673,159419,32735.100000000002,0.2053400159328562,54.41%
2202079,BBT,Medium LITTLE WRAP FILLLAAA Meal,170.37994463440077,549,1158.8500000000001,2.1108378870673956,14.70%
3000321,BBT,MEDIUM QUARTER POUNDER COMBO,681.916051846999,1391,4274.900000000001,3.0732566498921643,15.95%
2202084,BBT,MEDIUM SMOKEY ROLLS BEEF COMBO,160.75299440729998,255,736.5999999999999,2.8886274509803918,21.82%
3000325,BBT,MEDIUM SOUTHWEST COMBO,224.76307800109413,375,1227.6000000000001,3.2736000000000005,18.31%
3000323,BBT,MEDIUM Westcoast Combo,2775.027030552777,4634,15176.699999999997,3.275075528700906,18.28%
3002002,BBT,Messy Fries BBT FP,26787.963214816693,89199,155591.15000000002,1.744314958687878,17.22%
3006036,BBT,MESSY KEYRING,0,28,42,1.5,0.00%
3002015,BBT,Mirinda,247.49494060999996,3064,970.97272,0.3168971018276762,25.49%
3003008,BBT,Mirinda 24oz,355.5487739999999,2069,534.61,0.25839052682455294,66.51%
3006032,BBT,MOM I M MEETING,0,1,7.5,7.5,0.00%
3002897,BBT,Mountain Dew 24oz,262.28914741,1049,780,0.7435653002859867,33.63%
1211,BBT,Mountain Dew  Cheeseburger Duo Combo,4297.1173661,52135,1753.6500000000003,0.03363671238131774,245.04%
3006008,BBT,Multi color beach volleyball,4.31483072,2,34,17,12.69%
3003013,BBT,Nesqiuk,1147.7323663899997,5526,2276.25,0.41191639522258416,50.42%
3003082,BBT,Nesquik,422.76746414,1982,495.5,0.25,85.32%
3001017,BBT,Not So Curly Fries,18730.4546819168,136099,20174.199999999997,0.14823180185012377,92.84%
3003106,BBT,NOT SO RANCH SAUCE,1048.398536955357,7216,3241.7999999999997,0.44925166297117514,32.34%
3003124,BBT,NOT SO RANCH SAUCE-V1,8.089368718,61,27.450000000000003,0.45000000000000007,29.47%
1235,BBT,Nuggets Duo Combo,2756.776888403445,5786,9855.85,1.7033961285862427,27.97%
3001008,BBT,Nuggets KidKit,10023.613276309818,24191,46818.65,1.9353747261378198,21.41%
2202108,BBT,Old skool ( Dummy ),0,793,1189.5,1.5,0.00%
1588,BBT,Old skool duo combo,2802.93533670165,9105,22702.599999999995,2.493421197144426,12.35%
2202066,BBT,ONLY 6,674.1286262292841,365,2190,6,30.78%
3004011,BBT,Oreo,13.61382899,395,98.69999999999999,0.24987341772151897,13.79%
3003015,BBT,Oreo Madness Frostie BBT,15.60307331634985,87,106.25,1.221264367816092,14.69%
3003026,BBT,Oreo Madness MilkShake 12oz BBT,593.6505735057781,2339,3500.4,1.4965369816160752,16.96%
3003012,BBT,Oreo Madness MilkShake BBT,585.6708409285216,1295,1956.63,1.510911196911197,29.93%
3003086,BBT,ORIGINAL 2PCS Tenders,4039.8561555665337,16894,2829.6,0.1674914170711495,142.77%
3002023,BBT,Peanut Butter,0,635,13.75,0.021653543307086614,0.00%
3003016,BBT,Peanut Butter Frostie BBT,3.2837955049287118,13,16.25,1.25,20.21%
3003027,BBT,Peanut Butter Shake 12oz BBT,201.379186818714,628,935.7,1.489968152866242,21.52%
3003006,BBT,Peanut Butter Shake BBT,239.03922019386835,400,762.06,1.90515,31.37%
3003001,BBT,Pepsi 24oz,2531.666108403401,14986,7261.013,0.4845197517683171,34.87%
1206,BBT,Pepsi Cheeseburger Duo Combo,8610.93280668,104502,2566.75,0.024561730875964097,335.48%
3003007,BBT,Pepsi Zero 24oz,2756.49878991,16343,8701.52,0.5324310102184422,31.68%
1207,BBT,Pepsi Zero Cheeseburger Duo Combo,11731.289974099998,142328,2819.0499999999997,0.019806714068911244,416.14%
3003052,BBT,Pretzel Bun Chicken Fillaaa,0.30833332,2,0.5,0.25,61.67%
3003051,BBT,Pretzel Bun Westcoast Burger,0.30833377,2,0.5,0.25,61.67%
3001002,BBT,Quarter Pounder Burger,13066.991482721402,29809,60214.09999999999,2.019997316246771,21.70%
1100,BBT,Quarter Pounder Combo,3505.031328553395,7188,19670.75,2.736609627156372,17.82%
2202127,BBT,REGULAR,0,63141,158609.94999999998,2.511996167308088,0.00%
3003111,BBT,SALT N VINEGAR Chilli Lime Old Skool Meal,0.7049999999999998,47,4.7,0.1,15.00%
3003113,BBT,SALT N VINEGAR Chilli Lime Supreme Meal,0.465,31,3.1,0.1,15.00%
3003110,BBT,SALT N VINEGAR Classic Old Skool Meal,1.125,75,7.499999999999999,0.09999999999999999,15.00%
3003112,BBT,SALT N VINEGAR Classic Supreme Meal,0.43500000000000005,29,2.9000000000000004,0.1,15.00%
3003101,BBT,SALT N VINEGAR For Chicken Fillaaa Meal,1.005,67,6.699999999999999,0.09999999999999999,15.00%
3003103,BBT,SALT N VINEGAR For Chicken Nugget Meal,0.195,13,1.3000000000000003,0.10000000000000002,15.00%
3003108,BBT,SALT N VINEGAR For Classic Rolls Beef Meal,1.02,68,6.8,0.09999999999999999,15.00%
3003102,BBT,SALT N VINEGAR For Little Wrap Fillaaa Meal,0.495,33,3.3000000000000007,0.10000000000000002,15.00%
3003100,BBT,SALT N VINEGAR For Quarter Pounder Meal,1.02,68,6.8,0.09999999999999999,15.00%
3003109,BBT,SALT N VINEGAR For Smokey Rolls Beef Meal,0.54,36,3.6,0.1,15.00%
3003099,BBT,SALT N VINEGAR For Southwest Meal,1.155,77,7.7,0.1,15.00%
1574,BBT,SALT N VINEGAR SALT N VINEGAR FILLAAA TENDERS,41.625,2775,274.9,0.09906306306306306,15.14%
3003098,BBT,"SALT N"" VINEGAR 3",352.09119503999995,19381,1807.86,0.09328001651101595,19.48%
1569,BBT,"Salt n"" Vinegar Tenders Fillaaa",9029.484984628592,12276,36856.600000000006,3.0023297491039433,24.50%
3003003,BBT,Salty Cone BBT FP,352.7187891099848,983,967,0.9837232960325534,36.48%
3001024,BBT,Small CURLY FRIES 80 G,354.4541175787466,2913,429.9,0.14757981462409886,82.45%
3001026,BBT,Small French FRIES 80 G,2417.367770831358,29790,4934.6500000000015,0.1656478684122189,48.99%
2202068,BBT,SMOKEY ROLLS BEEF,4035.4403506026406,6828,13280.25,1.944969244288225,30.39%
639,BBT,SMOKEY ROLLS BEEF COMBO,2405.4406015653,3778,3682.1999999999994,0.9746426680783482,65.33%
3006035,BBT,SONY KEYRING,0,2,3,1.5,0.00%
3001013,BBT,Southwest Burger,5443.070779361184,10468,22881,2.1858043561329765,23.79%
1117,BBT,Southwest Combo,1578.821587574698,2620,7699.499999999999,2.9387404580152667,20.51%
3002011,BBT,Sparkling Water Aquafina,26.341638730000003,319,126.80000000000001,0.39749216300940443,20.77%
2202144,BBT,Spicy Chicken Nuggets (20 PCS),71.07442434600001,65,263.24999999999994,4.049999999999999,27.00%
2202143,BBT,Spicy Chicken Nuggets (6 PCS),1030.340792283,2474,3834.4,1.5498787388843978,26.87%
3000337,BBT,SSUUUBER™ BEEF COMBO((Dummy),0,12803,26.4,0.002062016714832461,0.00%
3002019,BBT,Still Water,6.73608352,194,67.55000000000001,0.34819587628865983,9.97%
3002021,BBT,Strawberry,0,357,4.5,0.012605042016806723,0.00%
3003017,BBT,Strawberry Frostie BBT,3.7448858622422194,16,20,1.25,18.72%
3003028,BBT,Strawberry Shake 12oz BBT,197.56272002614557,516,770.4,1.4930232558139533,25.64%
3003005,BBT,Strawberry Shake BBT,260.2640389278723,358,568.56,1.5881564245810054,45.78%
3006013,BBT,Summer T-shirt,4.8491806,1,7.5,7.5,64.66%
3000338,BBT,SUUUBE SQUARED BREADED CHICKEN PATTY,58.900794977341185,504,175.70000000000002,0.34861111111111115,33.52%
3003142,BBT,SUUUBER CHILLI LIME,243.90048463825,15283,1441.8999999999999,0.09434665968723417,16.92%
3003143,BBT,SUUUBER SALT N VINEGAR,93.44999999999999,3115,310.20000000000005,0.09958266452648476,30.13%
3000334,BBT,SUUUBERâ„¢ BEEF 1,22179.916294268878,46517,50522.450000000004,1.0861072296149796,43.90%
3000335,BBT,SUUUBERâ„¢ CHICKEN 3,12376.264781374508,43881,28358.550000000003,0.6462603404662611,43.64%
2202118,BBT,SUUUBERâ„¢ Deal,0,5230,13945.800000000001,2.666500956022945,0.00%
2202125,BBT,SUUUBERâ„¢ SQUARED BREADED CHICKEN PATTY,26.741204335679207,212,74.19999999999999,0.3499999999999999,36.04%
2202126,BBT,SUUUBER™,0,14584,44955.200000000004,3.082501371365881,0.00%
3000343,BBT,SUUUBER™  BEEF COMBO,4604.568558546096,8965,19536.000000000004,2.179141104294479,23.57%
3000339,BBT,SUUUBER™ BEEF PATTY,952.88805745,3665,1825.5,0.49809004092769443,52.20%
3000340,BBT,SUUUBER™ CHICKEN COMBO,2398.758474172395,6733,14028,2.083469478687064,17.10%
3000336,BBT,SUUUBER™ CHICKEN COMBOOO(Dummy),0,16784,3185.5,0.18979385128693993,0.00%
3000328,BBT,SUUUBER™ CHICKEN FILLAAA COMBO,229.68023542601998,513,1789.2,3.487719298245614,12.84%
2202081,BBT,SUUUBER™ CHICKEN NUGGETS COMBO,24.1005,75,198.75,2.65,12.13%
2202093,BBT,SUUUBER™ CHILLI LIME OLD SKOOL COMBO,101.8419550555544,386,945.7,2.45,10.77%
2202097,BBT,SUUUBER™ CHILLI LIME SUPREME COMBO,37.861655215409996,124,316.2,2.55,11.97%
2202091,BBT,SUUUBER™ CLASSIC OLD SKOOL MEAL,74.02895606893125,291,710.5,2.441580756013746,10.42%
2202083,BBT,SUUUBER™ CLASSIC ROLLS BEEF COMBO,178.25352787945002,295,893.6500000000001,3.0293220338983056,19.95%
2202095,BBT,SUUUBER™ CLASSIC SUPREME MEAL,90.80926271902999,307,782.85,2.5500000000000003,11.60%
3000345,BBT,SUUUBER™ large BEEF COMBO,1580.4588351518682,3100,8607.199999999999,2.7765161290322578,18.36%
3000342,BBT,SUUUBER™ large CHICKEN COMBO,568.5944384512864,1614,4325.4,2.6799256505576206,13.15%
2202080,BBT,SUUUBER™ LITTLE WRAP FILLLAAA Meal,54.71922355011077,176,422.3999999999999,2.3999999999999995,12.95%
3000344,BBT,SUUUBER™ Medium BEEF COMBO,1469.2308309472933,2886,7318.4,2.535828135828136,20.08%
3000341,BBT,SUUUBER™ MEDIUM CHICKEN COMBO,671.7222453722608,1909,4667.25,2.4448664222105814,14.39%
3000322,BBT,SUUUBER™ QUARTER POUNDER COMBO,358.3401873741636,731,2438.8,3.3362517099863203,14.69%
2202085,BBT,SUUUBER™ SMOKEY ROLLS BEEF COMBO,132.38372762080002,210,652.05,3.105,20.30%
3000326,BBT,SUUUBER™ SOUTHWEST COMBO,213.4062609051934,357,1256.7,3.5201680672268907,16.98%
3000324,BBT,SUUUBER™ Westcoast Combo,1593.6592756165699,2660,9343.600000000002,3.5126315789473694,17.06%
3000583,BBT,SUUUPER Blind Box ( Dummy ),0,72,504,7,0.00%
3004022,BBT,Sweet Chili,1661.59253781,18391,5494.080000000001,0.2987374259148497,30.24%
3002020,BBT,Tang Orange,755.9500198800001,9053,2725,0.30100519164917705,27.74%
748,BBT,TENDERS DUO COMBO,3318.646202929654,5678,11322.4,1.994082423388517,29.31%
920,BBT,Tenders Fillaaa,30401.959369611606,49059,144725.2,2.950023441162682,21.01%
922,BBT,Toast,534.8011806761539,16448,5699.820000000001,0.3465357490272374,9.38%
3000565,BBT,Toasts Duo Combo,47499.82930353492,74598,149196,2,31.84%
3000899,BBT,TRIPLE X,0.76581005566,1,2.95,2.95,25.96%
1054,BBT,Westcoast Combo,1080.8049999999998,19651,57704.950000000004,2.9364892371889475,1.87%
3001012,BBT,westcoast options,0,91485,115471.95000000001,1.2621954418757175,0.00%
3006009,BBT,White beach volleyball,2.1208768,1,17,17,12.48%
3006020,BBT,WINTER STICKERS,1.7333399999999997,6,6,1,28.89%
1077,BBT,Wrap and Wrap,0,2,2.4,1.2,0.00%
3000896,BBT,Wrap Fillaaa,12099.828315418627,47786,40664.799999999996,0.8509772736784832,29.76%
3003045,BBT,XL Fillaaa Sauce,692.840355720075,1978,2570.6200000000003,1.2996056622851366,26.95%
3003044,BBT,XL Fillaaa Sauce For CLTF,233.4166201886,680,883.74,1.2996176470588234,26.41%
6001025,BUR,"12 PCS of potato buns, pattiesand Slice Cheese",5206.335785661095,613,13486,22,38.61%
6001024,BUR,"18 PCS of potato buns, pattiesand Slice Cheese",4646.2388357645705,389,12448,32,37.33%
6001023,BUR,"6 PCS of potato buns, pattiesand Slice Cheese",2251.597054098868,471,5652,12,39.84%
6002004,BUR,7up,12.387472559999999,152,53.2,0.35000000000000003,23.28%
6002003,BUR,7up Zero Sugar,19.37771729,235,82.25,0.35,23.56%
6004001,BUR,Bacon,57.57403028547304,273,163.8,0.6000000000000001,35.15%
6001021,BUR,BBQ Burger,1823.0092852025873,2477,6316.35,2.5500000000000003,28.86%
6003016,BUR,BBQ Sauce,9.34710194242,237,35.55,0.15,26.29%
6004009,BUR,BBQ Sauce,17.144379851260002,434,65.1,0.15,26.34%
6001020,BUR,BBQ Slider,284.99292653522707,327,882.9,2.6999999999999997,32.28%
6004005,BUR,Beef patty ( 100 gm ),145.04795865274073,495,371.25,0.75,39.07%
6004004,BUR,Beef patty ( 140 gm ),213.94408973,493,493,1,43.40%
6001019,BUR,Big C Burger,933.49138694931,1368,3967.2000000000003,2.9000000000000004,23.53%
6000861,BUR,Burger & Drink Combo,0,577,1154,2,0.00%
6001017,BUR,C - Fries,1373.9017627717362,3135,5486.25,1.75,25.04%
6003014,BUR,C- Sauce,32.39314229398,752,112.8,0.15,28.72%
6004011,BUR,C- Sauce,70.09441622778,1626,243.9,0.15,28.74%
6004003,BUR,Cheddar Cheese,119.28831728804204,1170,409.5,0.35,29.13%
6001013,BUR,Classic Burger,1725.4072974125465,2758,6757.099999999999,2.4499999999999997,25.53%
6001011,BUR,Classic Chicken Burger,305.36354099199,723,1409.8500000000001,1.9500000000000002,21.66%
6001010,BUR,Classic Chicken Slider,238.51885881145,410,861,2.1,27.70%
6000862,BUR,Classic Meal Combo,0,557,1643.15,2.95,0.00%
6001012,BUR,Classic Slider,376.3083316407954,586,1552.8999999999999,2.65,24.23%
5007002,BUR,Crispy Cheese,0,233,81.55,0.35,0.00%
6004006,BUR,Honey Mustard Sauce,20.14007953606,398,59.7,0.15,33.74%
6001031,BUR,Lipton Ice Tea - Lemon Zero,6.6,22,7.7,0.35000000000000003,85.71%
6001931,BUR,Lipton Ice Tea - Peach Zero,9.68055667,85,29.75,0.35,32.54%
6001930,BUR,Lipton Ice Tea - Red Fruits Zero,4.44166125,39,13.65,0.35000000000000003,32.54%
6002019,BUR,Lipton Ice Tea - Tropical Zero,4.66944312,41,14.35,0.35,32.54%
6004010,BUR,Mapple Sauce,19.0852294357,248,37.2,0.15000000000000002,51.30%
6002005,BUR,Mirinda,6.9967732400000004,86,30.1,0.35000000000000003,23.25%
6001929,BUR,Mountain Dew,20.11139709,244,85.4,0.35000000000000003,23.55%
6001007,BUR,Mushroom Burger,1288.9203142643287,1588,4049.4,2.5500000000000003,31.83%
6001006,BUR,Mushroom Slider,207.04015800739762,285,783.75,2.75,26.42%
6002001,BUR,Pepsi,38.542396059999994,469,164.15,0.35000000000000003,23.48%
6002002,BUR,Pepsi Diet,69.50704366999999,854,298.9,0.35,23.25%
6004002,BUR,Provolone Cheese,29.217860844735963,110,38.5,0.35,75.89%
6002006,BUR,Shani,20.136263539999998,244,85.39999999999999,0.35,23.58%
5007007,BUR,Slider Meal Combo,0,11,34.65,3.15,0.00%
6001004,BUR,Special Chicken Slider,172.0761496103,275,673.75,2.45,25.54%
6001005,BUR,Spical Chicken ( Moderately Spicy ),383.80324868728997,802,1804.5,2.25,21.27%
6003015,BUR,Truffle Aioli Sauce,27.9569899611,277,41.55,0.15,67.29%
6004008,BUR,Truffle Aioli Sauce,81.75169909544,811,121.65,0.15,67.20%
6001002,BUR,Truffle Burger,627.8581095898612,953,2382.5,2.5,26.35%
6001001,BUR,Truffle Slider,223.9314677980593,264,712.8,2.6999999999999997,31.42%
6002015,BUR,Vodavoda Water,21.17287185,104,52,0.5,40.72%
6001009,BUR,Ziggy Fries,484.5483180056684,3421,3421,1,14.16%
6001015,BUR,Ziggy Fries With Cheese,347.88992112726396,1446,2169,1.5,16.04%
40003055,CHP,12 Taco DIY Box,0.5335,11,219.45000000000002,19.950000000000003,0.24%
40003119,CHP,3.5 KD Deal,0,794,2779,3.5,0.00%
40002695,CHP,7up,14.63031171,142,106.5,0.75,13.74%
40003074,CHP,Amigo Fries,77.65625002,1695,2627.25,1.55,2.96%
40002696,CHP,Aquafina Water,2.6041459199999997,75,26.25,0.35,9.92%
40002589,CHP,Barbacoa,40.20680204599999,198,247.5,1.25,16.25%
40002536,CHP,Barbacoa,41.0336965334,113,169.5,1.5,24.21%
40002578,CHP,Barbacoa,892.622273451,1476,5166,3.5,17.28%
40002528,CHP,Black Beans,14.3503145905,195,97.5,0.5,14.72%
40002570,CHP,Brown Rice,0.5095595049999999,25,12.5,0.5,4.08%
40003121,CHP,Build Your Burrito Bowl combo,0,25,98.75,3.95,0.00%
40003060,CHP,Caramello,12.411081179999998,272,408,1.5,3.04%
40003061,CHP,Cheese Broccoli Soup,11.6431371,253,379.5,1.5,3.07%
40003009,CHP,Cheese Sauce,30.1480058972,621,217.35,0.35,13.87%
40002540,CHP,Chicken,45.1901065868,553,414.75,0.75,10.90%
40002592,CHP,Chicken,24.8672872104,629,786.25,1.25,3.16%
40002579,CHP,Chicken,713.683727931,6082,21287,3.5,3.35%
40003062,CHP,Chicken Enchilada Soup,20.91179578,456,684,1.5,3.06%
40002534,CHP,Chili Con Carne,13.5866076894,110,82.5,0.75,16.47%
40002595,CHP,Chili Con Carne,8.34427797064,123,153.75,1.25,5.43%
40002581,CHP,Chili Con Carne,104.757928892,509,1781.5,3.5,5.88%
40003063,CHP,Chips & Salsa,47.56447322,2215,2768.75,1.25,1.72%
40003016,CHP,Corn Salad,14.3468197165,200,70,0.35,20.50%
40003010,CHP,Crushed Nachos,4.35418075,123,43.050000000000004,0.35000000000000003,10.11%
40003011,CHP,Green Salsa Very Spicy,30.098315464800002,690,241.49999999999997,0.35,12.46%
40003012,CHP,Guacamole,1094.8764620934,5116,3837,0.75,28.53%
40002571,CHP,Jalapeno Slices,6.9543253400000005,142,49.699999999999996,0.35,13.99%
40002483,CHP,Lipton Iced Tea- Lemon Zero,11.244661859999999,99,34.65,0.35,32.45%
40002484,CHP,Lipton Iced Tea- Peach Zero,36.67121882,322,112.7,0.35000000000000003,32.54%
40002485,CHP,Lipton Iced Tea- Red Fruits Zero,18.172721850000002,160,55.99999999999999,0.35,32.45%
40002486,CHP,Lipton Iced Tea -Tropical Zero,23.32927041,205,71.75,0.35,32.51%
40002572,CHP,Mexican Rice,11.0591802048,124,62,0.5,17.84%
40002487,CHP,Mirinda,5.0028886,92,69,0.75,7.25%
40003013,CHP,Mixed Cheese,23.8004356074,296,103.60000000000001,0.35000000000000003,22.97%
40002532,CHP,Mixed Vegetables,1.6488640815138096,68,34,0.5,4.85%
40003122,CHP,Mountain Dew,2.72000289,33,24.75,0.75,10.99%
40003065,CHP,Nachos,13.185,879,879,1,1.50%
40002489,CHP,Pepsi,33.59507592,331,248.25,0.75,13.53%
40002490,CHP,Pepsi Diet,62.2961633,607,455.25,0.75,13.68%
40002998,CHP,Pico De Gallo,2.9065594685000002,146,29.2,0.19999999999999998,9.95%
40003014,CHP,Pico De Gallo Less Spicy,4.4261864,223,78.05,0.35,5.67%
7000964,CHP,Red Salsa Medium Spicy,54.465442859999996,973,340.55,0.35000000000000003,15.99%
40003107,CHP,Shani,0,14,3,0.21428571428571427,0.00%
40002598,CHP,shrimp,26.7969536003,223,278.75,1.25,9.61%
40002542,CHP,shrimp,40.2946683687,158,237,1.5,17.00%
40002580,CHP,shrimp,259.361223756,712,2492,3.5,10.41%
40003066,CHP,Slim Churros,22.78802158,498,473.1,0.9500000000000001,4.82%
40003015,CHP,Sour Cream,89.1000396036,1468,513.8,0.35,17.34%
40002601,CHP,Steak,73.41095025519999,471,588.75,1.25,12.47%
40002537,CHP,Steak,139.0470613492,418,627,1.5,22.18%
40002582,CHP,Steak,1976.8341911819998,4162,14567,3.5,13.57%
40003118,CHP,Taco Deal,0,57,85.5,1.5,0.00%
40003069,CHP,Traditional Chicken Taco,23.3285,481,1683.5,3.5,1.39%
40003071,CHP,Traditional Shrimp Taco,14.9865,309,1081.5,3.5,1.39%
40003072,CHP,Traditional Steak Taco,35.0655,723,2530.5,3.5,1.39%
40003073,CHP,Vegan,1.66870646,36,99,2.75,1.69%
40002604,CHP,Vegetarian,1.1085429392208384,68,78.2,1.1500000000000001,1.42%
40002583,CHP,Vegetarian,41.00747339645771,577,1702.15,2.95,2.41%
40002479,CHP,Vodavoda Water,11.40373817,56,28,0.5,40.73%
40002573,CHP,White Rice,0.6340887199999999,41,20.5,0.5,3.09%
1002003,LVB,Chicken Chunk CMM COOP (PA),2547.01862658,4818,12705.066,2.637,20.05%
3000170,MM, Half Deboned Chicken (Regular),6742.220020226774,9431,25870.350000000002,2.7431184391899057,26.06%
3000201,MM, Xlarge Size Chicken Bites,3097.912551264175,5072,14914.609999999997,2.940577681388012,20.77%
3000529,MM,1 Deboned Whole Chicken,1264.54577666,1435,1435,1,88.12%
3000501,MM,1.500 KD Deal,0,23,34.5,1.5,0.00%
1642,MM,10 Beef Shawarma,1007.0438500002743,334,2634.3,7.887125748502995,38.23%
1643,MM,10 Chicken Shawarma,1946.6692381599998,1240,8816.5,7.110080645161291,22.08%
3000152,MM,10 kaba Wraps,139.89035785029617,58,520.2,8.96896551724138,26.89%
3000107,MM,10 Oz Tahini,39.688342524,321,271.15,0.8447040498442366,14.64%
3000554,MM,10 Turkish  Kabab wraps,22.395242276703225,8,80,10,27.99%
3000558,MM,10 Turkish Chicken Shawarma+ garlic & Red Pepper & Garlic Sauce,93.89618916959998,51,420.75,8.25,22.32%
3000115,MM,12 Persons Beef Burger BBQ Box,1161.838950268153,152,4228,27.81578947368421,27.48%
3000117,MM,12 Persons Chicken Burger BBQ Box,209.69907222480154,32,672,21,31.21%
3000149,MM,12 Persons Chicken Steak BBQ Box,27.535526825860003,5,115.2,23.04,23.90%
3000113,MM,12 Persons Tenderloin Steak BBQ Box,130.97309126256002,14,388.59999999999997,27.757142857142856,33.70%
3000147,MM,16 Half Beef Philly Steak,1667.2322092639,299,4151.5199999999995,13.88468227424749,40.16%
3000146,MM,16 Half Chicken Philly Steak,351.78806083139995,121,1264.1999999999998,10.44793388429752,27.83%
3000414,MM,2 Nashville Tawook Wrap + Regular Fries + 1 Ketchup/Mayo,592.0795470976923,1218,3349.5,2.75,17.68%
3000106,MM,2 Oz Tahini,0.0237443392,1,0.25,0.25,9.50%
3000240,MM,2 Oz Tahini Sauce,94.44380701120001,3501,881.8499999999999,0.25188517566409596,10.71%
3000548,MM,2 Turkish Saj Combo,0,647,1843.95,2.85,0.00%
3000514,MM,3.5kd deal,1.0331068195726472,1,3.5,3.5,29.52%
1647,MM,5  Spicy Chicken &5 spicy Beef Shawarma Feast,616.2971320582011,251,1819.75,7.25,33.87%
3000547,MM,5 Chicken Shawarma Regular + 5 Turkish Chicken Shawarma Saj,368.59201090878184,230,1610,7,22.89%
3000151,MM,5 Kabab Wraps & 5 Tawouk Wraps,2311.8250494251447,1089,9236.1,8.481267217630855,25.03%
3000633,MM,5 Piece Tenders Combo,0,1937,5714.150000000001,2.95,0.00%
3000555,MM,5 Turkish Tawouk & 5 Kabab Wrap Combo,385.28879570622325,142,1349,9.5,28.56%
3000609,MM,5Mexican Chicken Shawarma+5Chicken Shawarma regular+2 sauces,21.43737899525,9,74.25,8.25,28.87%
3000116,MM,6 Persons Beef Burger BBQ Box,1066.3893651135602,280,4176,14.914285714285715,25.54%
3000118,MM,6 Persons Chicken Burger BBQ Box,220.211689952637,66,789.6,11.963636363636365,27.89%
3000150,MM,6 Persons Chicken Steak BBQ Box,81.49211033750979,25,319.8,12.792,25.48%
3000114,MM,6 Persons Tenderloin Steak BBQ Box,158.88660885288002,32,537.2,16.7875,29.58%
3000148,MM,8 Half Beef Philly Steak & 8 Half Chicken Philly Steak,5736.811215397391,1357,16180.3,11.92358142962417,35.46%
3000217,MM,Add Jalapeno,25.405021358400003,7506,1122.96,0.14960831334932054,2.26%
3000119,MM,Angus Beef Burger BBQ Plate,192.72612710140004,101,746.49,7.390990099009901,25.82%
3000215,MM,Appetizer Feast,3135.4960253240974,1097,11512.99,10.494977210574293,27.23%
3000260,MM,Appetizer Feast,2999.342069622752,1017,11187.75,11.000737463126844,26.81%
3000028,MM,Aquafina Water,345.20782640999994,9997,2498.75,0.24994998499549864,13.82%
3000131,MM,Arayis with Cheese,4305.31313168023,7188,13998.269999999999,1.9474499165275456,30.76%
3000132,MM,BBQ Arayis with Cheese,49.2439380781,101,140.84000000000003,1.3944554455445548,34.96%
3000063,MM,BBQ Burger,2854.3010309261676,5458,12553.4,2.3,22.74%
3000134,MM,BBQ Wings ( Small),1867.5711406831829,6312,6932.859999999999,1.0983618504435992,26.94%
3000219,MM,BBQ Wings ( Small),3.8148531552699994,13,14.299999999999999,1.0999999999999999,26.68%
3000133,MM,BBQ Wings (large),1795.2691493014534,3526,6865.95,1.9472348269994328,26.15%
3000218,MM,BBQ Wings (large),15.54901508862,30,58.49999999999999,1.9499999999999997,26.58%
3000377,MM,beef burger 15,81.76909118,2,190,95,43.04%
3000261,MM,Beef Burger Feast,1829.28801577719,393,6268.35,15.950000000000001,29.18%
3000015,MM,Beef Kabab,0,984,0.69,0.0007012195121951219,0.00%
3000123,MM,Beef Kabab BBQ Plate,279.2537348464,298,1174.73,3.942046979865772,23.77%
3000216,MM,Beef Kabab Skewer,222.63537751400003,1327,1123.5300000000002,0.8466691785983422,19.82%
3000037,MM,Beef Philly Steak Fries,3797.9505687476167,3843,9778.23,2.5444262295081965,38.84%
3000212,MM,Beef Philly Steak Fries,11.490307956885708,11,28.050000000000004,2.5500000000000003,40.96%
3000069,MM,Beef Philly Steak Sandwich,28759.287558995842,43534,104444.36,2.399144576652731,27.54%
3000143,MM,Beef Shawarma - Spicy,2377.1640491128833,8537,7240.47,0.8481281480613799,32.83%
3000142,MM,Beef Shawarma (Regular),6450.991185942206,24153,20489.079999999998,0.8483037303854593,31.49%
3000466,MM,Beef Shawarma saj,2710.7445648384073,9588,9588,1,28.27%
3000430,MM,Beef steak  Tenderloin rice dish,72.6446652696508,87,378.45000000000005,4.3500000000000005,19.20%
3000373,MM,beef steak sandwich 15,77.9881250427,2,190,95,41.05%
3000050,MM,Beef steak Tenderloin rice dish,7671.7754959759395,8732,24886.199999999997,2.8499999999999996,30.83%
3000213,MM,Beef Tikka Skewer,801.4573960344003,2749,3154.91,1.1476573299381594,25.40%
3000086,MM,Belgian Chocolate Cookie,1555.02776294,12864,9646.050000000001,0.7498484141791045,16.12%
3000224,MM,Belgian Chocolate Cookie,172.98144553,1445,1083.75,0.75,15.96%
3000539,MM,Buffalo Bites,104.47876866060001,324,32.400000000000006,0.10000000000000002,322.47%
3000540,MM,Buffalo Chicken Fillet,57.31308685576,151,21.450000000000003,0.14205298013245035,267.19%
3000071,MM,Buffalo Chicken Fillet,2805.586214950094,8064,17337.6,2.15,16.18%
3000355,MM,Buffalo Sauce Family Size (10OZ),12.095054575000002,42,39.9,0.95,30.31%
3000090,MM,Buffalo Sauce Regular Size (2OZ),111.1025217288,1815,635.25,0.35,17.49%
3000135,MM,Buffalo Wings ((small),1009.945707632535,3063,3973.8399999999997,1.2973685928827945,25.41%
3000136,MM,Buffalo Wings (large),949.6175474574501,1496,3206.08,2.143101604278075,29.62%
3000221,MM,Burger Buns,4.32,8,12,1.5,36.00%
3000618,MM,Buy 1 Creamy Mushroom get 1 Chicken Fillet Combo  Deal,20.85548754668,24,149.5,6.229166666666667,13.95%
3000317,MM,Caesar Sauce Family Size (10OZ),13.56694493,49,44.50000000000001,0.9081632653061226,30.49%
3000091,MM,Caesar Sauce Regular Size (2OZ),55.164803584,873,279.79999999999995,0.32050400916380295,19.72%
3000306,MM,Char-Grills BBQ Box,1324.5611240675998,210,5250,25,25.23%
3000036,MM,Cheese Fries,2908.323761156491,11768,15658.800000000001,1.3306254248810334,18.57%
3000316,MM,Cheese Sauce Family Size (10OZ),151.91260386199997,763,687.1,0.9005242463958061,22.11%
3000092,MM,Cheese Sauce Regular Size (2OZ),415.2867251119588,10083,3244.4,0.3217693146880889,12.80%
3000073,MM,Cheeseburger,7122.676231473679,14937,32861.4,2.2,21.67%
3000421,MM,Cheeseburger,16.44307728685,35,129.5,3.7,12.70%
3000276,MM,Cheesy Puri,275.7852103697,1352,2596.5,1.9204881656804733,10.62%
3000222,MM,Chicken Bites (Regular),3.4122702220000005,13,16.25,1.25,21.00%
3000223,MM,Chicken Bites (X-Large),21.892099036500003,33,97.35,2.9499999999999997,22.49%
3000299,MM,Chicken Bites Wrap,4112.6502653270845,19340,34,0.0017580144777662875,12096.03%
3000298,MM,Chicken Bites Wrap deal,0,33232,66464,2,0.00%
3000120,MM,Chicken Breast BBQ Plate,118.05047522519999,90,425.6,4.728888888888889,27.74%
3000380,MM,chicken burger 15,100.9270929834,3,285,95,35.41%
3000262,MM,Chicken Burger Feast,2684.209722938573,876,11344.199999999997,12.949999999999998,23.66%
3000439,MM,Chicken Caesar Salad,10.16659691745,28,0.1,0.0035714285714285718,10166.60%
3000220,MM,Chicken Caesar Salad,73.75629799720198,177,309.75,1.75,23.81%
3000039,MM,Chicken Caesar Salad,5439.316644327976,13582,25046.499999999996,1.8440951259019287,21.72%
3000293,MM,Chicken Caesar wrap deal,0,10526,21052,2,0.00%
3000263,MM,Chicken Feast,1461.830918221497,490,6345.500000000001,12.950000000000001,23.04%
3000422,MM,Chicken philly steak,11.186627609649998,36,124.2,3.45,9.01%
3000038,MM,Chicken Philly Steak Fries,1426.6072362749783,2251,4376.19,1.9441092847623276,32.60%
3000211,MM,Chicken Philly Steak Fries,3.0180619103209185,4,7.8,1.95,38.69%
3000076,MM,Chicken Philly Steak Sandwich,4291.49980565805,13331,25995.840000000004,1.9500292551196463,16.51%
3000517,MM,Chicken Philly Steak Sandwich deal,5585.960465266188,8359,12538.5,1.5,44.55%
3000281,MM,Chicken Puri feast,526.7224307048252,1144,6864,6,7.67%
3000280,MM,Chicken Puri meal(Dummy),0,1451,4159.95,2.8669538249483115,0.00%
3000058,MM,Chicken Rice Bowl,3921.586535342401,5356,15800.2,2.95,24.82%
3000429,MM,Chicken Rice Bowl,12.627942172867492,26,115.69999999999999,4.449999999999999,10.91%
3000035,MM,Chicken Shawarma,0,5261,0.15,0.000028511689792815053,0.00%
3000140,MM,Chicken Shawarma (Regular),8449.87371878966,65965,49337.7,0.7479375426362465,17.13%
3000141,MM,Chicken Shawarma (Spicy),2116.6411958784106,15496,11598.45,0.7484802529685081,18.25%
3000465,MM,Chicken Shawarma Saj,2031.3500941197785,15165,15165,1,13.39%
3000053,MM,Chicken steak rice dish,4750.417498591603,8646,19020.600000000002,2.199930603747398,24.98%
3000451,MM,Chicken Steak Rice Dish Deal,2772.3607011722233,5049,10098,2,27.45%
3000077,MM,Chick-Spicy Fillet,3523.2867241107256,12111,23616.450000000004,1.9500000000000004,14.92%
3000311,MM,Chick-Spicy Sauce Family Size (10OZ),27.036609466,125,112.70000000000002,0.9016000000000002,23.99%
3000093,MM,Chick-Spicy Sauce Regular Size (2OZ),158.4334435450353,3117,991.5500000000002,0.3181103625280719,15.98%
3000122,MM,Chopped Chicken Steak BBQ Plate,49.3291828034,43,161.25,3.75,30.59%
3000121,MM,Chopped Tenderloin Steak BBQ Plate,158.11385365940004,54,416.95,7.721296296296296,37.92%
3000139,MM,Classic Arayis,8922.95760606046,13508,28956.630000000005,2.14366523541605,30.81%
3000078,MM,Classic Chicken Fillet,25670.16938506878,89227,173993.04,1.9500043708742871,14.75%
3000415,MM,Classic Chicken Fillet,266.52754196589734,954,3291.2999999999997,3.4499999999999997,8.10%
3000274,MM,Classic Puri,665.74056524925,3579,6547.4,1.8293936853869794,10.17%
3000025,MM,Coca Cola,2539.9360973400003,28014,11856.899999999998,0.4232490897408438,21.42%
3000490,MM,Coca Cola,173.80800639,1917,951.1500000000002,0.49616588419405333,18.27%
3000026,MM,Coca Cola Light,1434.7094834900001,15824,6745.6500000000015,0.42629234074823064,21.27%
3000491,MM,Coca Cola Light,134.82133829,1487,738,0.49630127774041694,18.27%
3000252,MM,Coca Cola Light with French Fries,1888.7949332225794,9346,8855.9,0.9475604536700192,21.33%
3000253,MM,Coca Cola with French Fries,4427.111012667134,21836,20685.68,0.947320021982048,21.40%
3000027,MM,Coca Cola Zero,2161.31208075,23838,9789.899999999998,0.410684621193053,22.08%
3000492,MM,Coca Cola Zero,180.24533996,1988,987.4499999999999,0.49670523138832995,18.25%
3000254,MM,Coca Cola Zero with French Fries,2141.8014967623803,10768,10201.1,0.9473532689450224,21.00%
3000079,MM,Creamy Mushroom Burger,11726.094293740636,23215,53394.50000000001,2.3000000000000003,21.96%
3000420,MM,Creamy Mushroom Burger,46.57679461181999,96,364.8,3.8000000000000003,12.77%
3000177,MM,Creamy Mushroom Burger Deal 2KD Deal(Dummy),0,289,578,2,0.00%
3000016,MM,Deboned Chicken (Whole),0,1181,1.08,0.0009144792548687554,0.00%
3000450,MM,Double chicken steak combo,0,2312,8092,3.5,0.00%
3000288,MM,Double Puri,498.07030467939404,2935,9456.849999999999,3.222095400340715,5.27%
3000527,MM,Double Wrap Combo,208.92278000651493,386,1333.5,3.454663212435233,15.67%
3000467,MM,El Classico -Barcelona,519.284762739234,234,2410.2,10.299999999999999,21.55%
3000068,MM,Extra Bacon,33.9102924221,972,297.74,0.30631687242798356,11.39%
3000060,MM,Extra Chicken Steak Portion,251.43210480840003,2531,2019.8400000000001,0.7980403002765706,12.45%
3000225,MM,Extra Jalapeno,1.23506524335,351,52.65000000000001,0.15000000000000005,2.35%
3000606,MM,Extra Kabab Skewer,0.47030498,2,1.7,0.85,27.66%
3000067,MM,Extra Mozarella Cheese,118.61086452321,5909,1177.3199999999997,0.19924183448976132,10.07%
3000621,MM,Extra person For Beef  Burger 15 Catering,12.36550516,7,44.331,6.333,27.89%
3000623,MM,Extra person For Beef  Burger 35 Catering,8.73693245,5,27.855,5.571,31.37%
3000062,MM,Extra Tenderloin Steak Portion,550.2646574137333,1608,1920,1.1940298507462686,28.66%
3000605,MM,Extra Tikka Skewer,2.1507164663,6,6.9,1.1500000000000001,31.17%
3000226,MM,Extra White Cheese,31.218835456749076,1558,310.68000000000006,0.19940949935815153,10.05%
3000227,MM,Extra Yellow Cheese,91.84777894407,4565,910.96,0.19955312157721797,10.08%
3000574,MM,Fattoush,846.2472687523938,2419,3749.4499999999994,1.5499999999999998,22.57%
3000544,MM,Fillet + Bites Combo,0,1189,3983.1499999999996,3.3499999999999996,0.00%
3000589,MM,French Fries,10.355774445417465,110,11.000000000000002,0.10000000000000002,94.14%
3000206,MM,Fresh Lemon & Mint Juice,36.302221433339994,246,270.6,1.1,13.42%
3000087,MM,Fresh Lemon With Mint Juice,915.187636665705,6568,7220.62,1.099363580998782,12.67%
3000088,MM,Fresh Orange Juice,3852.7643169590115,12796,14053.599999999999,1.0982807127227256,27.41%
3000207,MM,Fresh Orange Juice,519.6405596805007,1744,1918.3999999999996,1.0999999999999999,27.09%
3000233,MM,Garlic Sauce Family Size (10OZ),366.51056532599995,3950,3159.3599999999997,0.7998379746835442,11.60%
3000094,MM,Garlic Sauce Regular Size (2OZ),180.32843660400002,8948,2670.9,0.29849128296826105,6.75%
3000056,MM,Grill’d Tawouk Bowl,6694.209284339819,10666,20798.699999999997,1.9499999999999997,32.19%
3000057,MM,Grill'd Tikka Bowl,4058.0775860091353,4196,12378.199999999999,2.9499999999999997,32.78%
3000080,MM,Grilled Chicken Burger,5626.485276126012,15727,30667.649999999998,1.95,18.35%
3000423,MM,Grilled Chicken Burger,29.423131946500003,88,303.6,3.45,9.69%
3000081,MM,Grilled Chicken Quesadilla,2297.728390622091,5708,12272.2,2.15,18.72%
3000059,MM,Grilled Chicken Steak Bowl,3564.6013478617397,5600,16520,2.95,21.58%
3000137,MM,Grilled Chicken Wings ( Regular ),1076.70347929435,3500,4695.030000000001,1.341437142857143,22.93%
3000138,MM,Grilled Chicken Wings (large),1238.5874910428,2118,5171.459999999999,2.4416713881019825,23.95%
3000473,MM,Grilled Chicken Wings (small),437.72498522599994,1537,2074.9500000000003,1.35,21.10%
3000432,MM,Grilled Tawook bowl,179.2626864654898,306,1055.6999999999998,3.4499999999999993,16.98%
3000456,MM,Grilled Tawook Rice Bowl Deal,5651.874556766408,8752,17504,2,32.29%
3000061,MM,Grilled Tenderloin Steak Bowl,15003.94622175654,10989,43406.549999999996,3.9499999999999997,34.57%
3000431,MM,Grilled Tikka bowl,50.81314289172291,54,240.29999999999993,4.449999999999998,21.15%
3000232,MM,Grilled Wings (Large),53.764898175400006,69,169.05,2.45,31.80%
3000428,MM,Half Deboned Chicken,83.83269668858382,122,518.5,4.25,16.17%
3000164,MM,Half Deboned Chicken (Spicy),2590.6064182528876,3639,9983.05,2.7433498213795,25.95%
3000168,MM,Half Healthy Deboned Chicken (Regular),1954.096688068036,2558,7533.71,2.9451563721657545,25.94%
3000166,MM,Half Healthy Deboned Chicken (Spicy),786.5624135068,1029,3031.42,2.9459863945578233,25.95%
3000634,MM,Halloumi Bites,0,3095,3868.75,1.25,0.00%
3000156,MM,Healthy Beef Kabab platter,1485.8751191136998,1742,5995.41,3.4416819747416763,24.78%
3000159,MM,Healthy Khishkhash Beef Kabab platter,823.42463528015,888,3147.43,3.544403153153153,26.16%
3000160,MM,Healthy Mix Grill platter,12065.940713468219,11399,44864.1,3.935792613387139,26.89%
3000154,MM,Healthy Shish Tawouk Platter,5572.560790698841,7753,24350.760000000002,3.1408177479685286,22.88%
3000163,MM,Healthy Tikka Tenderloin platter,4374.476976529099,3544,14848.68,4.189808126410835,29.46%
3000040,MM,Hoagie Rolls,165.77496678000006,307,460.5,1.5,36.00%
3000124,MM,Hoagie Rolls,3.24,6,9,1.5,36.00%
3000230,MM,Hoagie Rolls,5.94,11,16.5,1.5,36.00%
3000305,MM,Honey Mustard Family Size(10OZ),53.54767182278113,333,300.1,0.9012012012012013,17.84%
3000095,MM,Honey Mustard Regular Size (2OZ),339.3798630235535,8352,2672.7999999999997,0.32001915708812256,12.70%
3000172,MM,Hummus (With Bread),1412.3696587185977,8176,8558.76,1.0468150684931508,16.50%
3000173,MM,Hummus (Without Bread),1905.043323258846,15888,13466.72,0.8476032225579053,14.15%
3000231,MM,Hummus (Without Bread),73.16883888643001,612,520.2,0.8500000000000001,14.07%
3000570,MM,Hummus Shawarma Beef,604.01594641449,1567,2115.45,1.3499999999999999,28.55%
3000571,MM,Hummus Shawarma Chicken,175.72551428334998,779,965.5,1.2394094993581515,18.20%
3000551,MM,Iskander Burghul Combo,237.75201900923994,379,1705.5,4.5,13.94%
3000487,MM,Iskender  Burgul Bowl,1604.235191234697,5334,16002,3,10.03%
3000041,MM,Jalapeno Bites,11283.243618894905,27729,26342.549999999996,0.9499999999999998,42.83%
3000228,MM,Kabab Grilled Wrap,12.685308877500356,59,64.89999999999999,1.0999999999999999,19.55%
3000109,MM,Kabab Grilled Wrap,3030.1463723220904,15181,16701.38,1.1001501877346684,18.14%
3000176,MM,Kabab Grilled Wrap 2KD Deal(Dummy),0,161,322,2,0.00%
3000395,MM,Ketchup Family Size (10OZ),25.719486072,176,140.8,0.8,18.27%
3000096,MM,Ketchup Regular Size (2OZ),110.07742060656429,3580,778.05,0.21733240223463685,14.15%
3000356,MM,Khishkash Sauce Family Size (10OZ),8.379312706,60,51.00000000000001,0.8500000000000001,16.43%
3000098,MM,Khishkash Sauce Regular Size (2OZ),21.18693267,707,204.24999999999997,0.28889674681753885,10.37%
3000110,MM,Khishkhash Grilled Wrap,908.4047387102555,4463,5353.919999999999,1.1996235715886174,16.97%
3000234,MM,Khishkhash Grilled Wrap,30.147969793330187,139,166.8,1.2000000000000002,18.07%
3000178,MM,Khishkhash Kabab Wrap Deal 2KD Deal(Dummy),0,73,146,2,0.00%
3000023,MM,Kinza Cola,317.8584767,4681,1996.5800000000002,0.42652851954710536,15.92%
3000496,MM,Kinza Cola,16.537510400000002,243,120.10000000000001,0.4942386831275721,13.77%
3000024,MM,kinza Cola Diet,358.4310423200001,5274,2219.1000000000004,0.4207622298065985,16.15%
3000497,MM,kinza Cola Diet,25.18056928,370,181.10000000000002,0.4894594594594595,13.90%
3000256,MM,kinza Cola Diet with French Fries,234.63815449626892,1332,1261.2200000000003,0.946861861861862,18.60%
3000255,MM,Kinza Cola with French Fries,228.02846806151595,1294,1226.26,0.9476506955177744,18.60%
3000265,MM,Large Grills Feast,40036.72535857939,6361,114799.15000000001,18.0473431850338,34.88%
3000408,MM,Large Nashville Bites,558.59432074396,816,2611.2,3.1999999999999997,21.39%
3000411,MM,Large Nashville Fries,745.7095992417376,2851,4205.1,1.47495615573483,17.73%
3000184,MM,Large Onion Rings,1611.343424380148,4195,6067.380000000001,1.446336114421931,26.56%
3000183,MM,Large Original Fries,4981.571514397927,21151,25177.120000000003,1.1903512836272518,19.79%
3000352,MM,Lebanese Bread,607.7800306811725,3552,4264.35,1.2005489864864867,14.25%
3000313,MM,Mayo-chup Family Size (10OZ),95.80276936104335,533,453.04999999999995,0.8499999999999999,21.15%
3000097,MM,Mayo-chup Regular Size (2OZ),351.1372405239136,9223,2630.85,0.28524883443565,13.35%
3000125,MM,Meat Arayis BBQ Plate,157.46329454000997,289,432,1.494809688581315,36.45%
3000266,MM,Medium Grills Feast,44469.25652909843,10248,157852.09999999998,15.40321038251366,28.17%
3000599,MM,Mexican Chicken Bites (Regular),76.8918796594,277,443.2,1.5999999999999999,17.35%
3000600,MM,Mexican Chicken Bites (X-large),29.1731606102,40,127.99999999999999,3.1999999999999997,22.79%
3000586,MM,Mexican Chicken Fillet,116.62825321424324,410,943.0000000000001,2.3000000000000003,12.37%
3000584,MM,Mexican Chicken Shawarma,148.01713832035003,557,612.6999999999999,1.0999999999999999,24.16%
3000601,MM,Mexican Crispy Chicken Quesadilla,131.3064720969891,346,813.0999999999999,2.3499999999999996,16.15%
3000592,MM,Mexican Deboned Half,56.61805953,98,303.80000000000007,3.1000000000000005,18.64%
3000593,MM,Mexican Deboned Whole,44.667951110000004,39,167.70000000000002,4.300000000000001,26.64%
3000611,MM,Mexican Grills Feast,163.0907499634,34,525.3,15.45,31.05%
3000595,MM,Mexican Messy Fries,116.42547371057614,301,707.35,2.35,16.46%
3000604,MM,Mexican Mixed Chicken Grill,183.5873901570385,149,588.5500000000001,3.9500000000000006,31.19%
3000603,MM,Mexican Mixed Grill,366.5210312877865,325,1283.7500000000002,3.9500000000000006,28.55%
3000612,MM,Mexican Rice,53.660612930384,222,333,1.5,16.11%
3000617,MM,Mexican Sauce Family Size (10OZ),7.65650925,28,25.099999999999994,0.8964285714285712,30.50%
3000616,MM,Mexican Sauce Regular Size (2OZ),18.2625552216,339,118.64999999999999,0.35,15.39%
3000585,MM,Mexican Shawarma Tacos,181.9241485940799,400,940,2.35,19.35%
3000602,MM,Mexican Shish Tawouk Wrap,100.27927227678,389,525.1500000000001,1.3500000000000003,19.10%
3000597,MM,Mexican Street Corn,155.77311333993813,302,588.9000000000001,1.9500000000000004,26.45%
3000596,MM,Mexican Taco Bowl - Chicken Shawarma,221.73736806584796,369,922.5,2.5,24.04%
3000594,MM,Mexican Taco Bowl - Crispy Chicken,126.54952546449,238,595,2.5,21.27%
3000587,MM,Mexican Tawouk Chargrilled,123.30624954710001,184,588.7999999999998,3.1999999999999993,20.94%
3000607,MM,Mexican Wraps Box,22.6890471177,8,76,9.5,29.85%
3000251,MM,Mineral water,422.72034393999996,12247,34.5,0.0028170164121825753,1225.28%
3000495,MM,Mineral water,16.492949999999997,475,118.75,0.25,13.89%
3000257,MM,Mineral Water with French Fries,455.6330656411955,3110,2946.14,0.9473118971061093,15.47%
3000019,MM,Mishmash Arayis,0,1517,0.82,0.0005405405405405405,0.00%
3000042,MM,Mishmash Bread,1568.1985221600003,31315,6233.719999999999,0.19906498483155036,25.16%
3000126,MM,Mishmash Bread,0.775,31,6.2,0.2,12.50%
3000236,MM,Mishmash Bread,759.70061792,15191,3038.2000000000007,0.20000000000000004,25.00%
3000264,MM,Mishmash Feast,4208.5680565041,825,14808.749999999996,17.949999999999996,28.42%
3000043,MM,Mishmash Fries,11391.934877504085,24624,48016.799999999996,1.9499999999999997,23.72%
3000210,MM,Mishmash Fries,10.474023065253935,23,44.849999999999994,1.9499999999999997,23.35%
3000082,MM,Mishmash Quesadilla,7825.812359462777,24204,47197.799999999996,1.9499999999999997,16.58%
3000419,MM,Mishmash Quesadilla,12.720127819798591,42,144.9,3.45,8.78%
3000383,MM,mix burger  15,302.6592533494,8,760,95,39.82%
3000385,MM,mix burger 35,362.9077521027,5,975,195,37.22%
3000384,MM,mix burger25,552.72231577,10,1450,145,38.12%
3000020,MM,Mix Grills,0,4963,3.75,0.0007555913761837598,0.00%
3000424,MM,Mix Grills,1839.6312166878274,1933,10148.25,5.25,18.13%
3000374,MM,mix steak sandwich 15,37.49876831,1,95,95,39.47%
3000372,MM,MM Catering -Beef Philly steak station 25,59.77261896,1,145,145,41.22%
3000363,MM,MM Catering -Char-Grill station 25,1042.93866502438,16,3520,220,29.63%
3000620,MM,MM Catering-Char-Grill Single Person - 35,12.72296343,5,38.57,7.714,32.99%
3000613,MM,MM Catering-Char-Grill Single Person 15,7.6124842,3,30,10,25.37%
3000364,MM,MM Catering-Char-Grill station 15,1595.30974174644,36,5400,150,29.54%
3000362,MM,MM Catering-Char-Grill station35,678.33143680092,8,2160,270,31.40%
3000458,MM,MM -Chicken Shawarma saj 1.5 deal,409.2517921873814,3772,5658,1.5,7.23%
3000459,MM,MM- Nashville Chicken Fillet Meal,651.0013109436253,1507,4744.2,3.148108825481088,13.72%
3000271,MM,MM-1.500 meal,1018.2749771086,1924,2886,1.5,35.28%
3000273,MM,MM-3.5KD Deal,0,1696,5936,3.5,0.00%
3000008,MM,MM-Chicken Burger BBQ Box(Dummy),0,68,600,8.823529411764707,0.00%
3000002,MM,MM-Hummus (Dummy),0,1743,0.21,0.00012048192771084337,0.00%
3000471,MM,MM-Iftar Meal,1132.0778448596916,1600,1600,1,70.75%
3000005,MM,MM-Original Fries (Dummy),0,4682,0.15,0.000032037590773173855,0.00%
3000021,MM,MM-Shish Tawouk(Dummy),0,2980,0.63,0.00021140939597315435,0.00%
3000022,MM,MM-Tikka Tenderloin(Dummy),0,1408,0.79,0.0005610795454545455,0.00%
3000295,MM,Musahab wrap deal,0,12553,25106,2,0.00%
3000235,MM,Mutabbal,57.28385655851999,301,331.1,1.1,17.30%
3000188,MM,Mutabbal (With Bread),428.32498137054995,1761,2283.58,1.2967518455423055,18.76%
3000187,MM,Mutabbal (Without Bread),734.1472163965599,3854,4228.62,1.097202906071614,17.36%
3000538,MM,Nashville Bites,53.64505737056,179,26.400000000000002,0.14748603351955308,203.20%
3000503,MM,Nashville Chicken Fillet,531.73862904234,1596,66.25,0.04151002506265664,802.62%
3000353,MM,Nashville Chicken Fillet,2491.164802096317,7479,13556,1.8125417836609172,18.38%
3000416,MM,Nashville Chicken Fillet,29.60599268095965,91,336.7,3.6999999999999997,8.79%
3000405,MM,Nashville Chicken Fillet + Nashville Bites,1326.9691349462394,2245,7520.750000000001,3.3500000000000005,17.64%
3000513,MM,⁠Nashville Chicken Fillet Meal,0,1422,4479.299999999999,3.1499999999999995,0.00%
3000410,MM,Nashville Fries,0,2326,0.012,0.000005159071367153912,0.00%
3000533,MM,NASHVILLE MESSY FRIES,68.21855465733199,222,70,0.3153153153153153,97.46%
3000349,MM,NASHVILLE MESSY FRIES,2658.746015842071,8757,19265.4,2.2,13.80%
3000534,MM,Nashville Quesadilla,198.69149848604002,526,131.5,0.25,151.10%
3000346,MM,Nashville Quesadilla,2815.2531545567213,7970,17534,2.2,16.06%
3000417,MM,Nashville Quesadilla,6.1851372852292945,18,66.60000000000001,3.7000000000000006,9.29%
3000407,MM,Nashville Quesadilla + Nashville Messy Fries,1111.3351276192293,1710,6754.500000000001,3.9500000000000006,16.45%
3000402,MM,Nashville Sauce,0,62,0.3,0.004838709677419355,0.00%
3000401,MM,Nashville Sauce Family Size (10OZ),17.430682828,82,82,1,21.26%
3000350,MM,Nashville Sauce Regular Size (2OZ),169.961790829,2990,983.7,0.3289966555183947,17.28%
3000413,MM,Nashville Shish Tawook Wrap ( Dummy ),0,464,9.45,0.020366379310344827,0.00%
3000412,MM,Nashville Shish Tawook Wrap in saj bread,196.87656642058292,1058,1428.3,1.3499999999999999,13.78%
3000351,MM,Nashville Shish Tawouk,1678.600134836761,2501,8003.200000000001,3.2,20.97%
3000537,MM,Nashville Tenders 5pc Combo,278.2216961781279,365,91.25,0.25,304.90%
3000354,MM,Nashville tenders 5pcs combo,4464.632821705429,6364,20364.8,3.1999999999999997,21.92%
3000406,MM,Nashville Tenders Combo + Nashville Quesadilla,1853.6158972259755,1801,8554.75,4.75,21.67%
3000004,MM,Onion Rings,0,1168,0.4,0.00034246575342465754,0.00%
3000044,MM,Peanut Butter Coleslaw,957.9347685700002,5616,6075.300000000002,1.0817841880341883,15.77%
3000314,MM,Pepper Sauce Family Size (10OZ),13.55229185,89,76.15,0.85561797752809,17.80%
3000099,MM,Pepper Sauce Regular Size (2OZ),29.8186848028,934,267.4,0.28629550321199143,11.15%
3000418,MM,Philly steak,52.93481435235,81,311.84999999999997,3.8499999999999996,16.97%
3000006,MM,Philly Steak Fries,0,295,0.39,0.0013220338983050849,0.00%
3000189,MM,Plain (Vegetarian) Burghul,100.20496308074266,341,593.9499999999999,1.741788856304985,16.87%
3000190,MM,Plain (Vegetarian) Lettuce,86.61768974335354,231,403.55,1.746969696969697,21.46%
3000045,MM,Plain Burghul,693.366266738,4407,5942.969999999999,1.3485296119809393,11.67%
3000237,MM,Plain Burghul,76.538508094,476,642.6,1.35,11.91%
3000046,MM,Plain Rice,625.4143920444575,4297,5366.25,1.2488363974866186,11.65%
3000238,MM,Plain Rice,112.89412741540906,838,1047.5,1.25,10.78%
3000047,MM,Pumpkin Burger Bun,173.33999994,321,479.7,1.494392523364486,36.14%
3000127,MM,Pumpkin Burger Bun,3.24,6,9,1.5,36.00%
3000542,MM,Quesadilla +  Messy Fries Combo,0,593,2342.35,3.9499999999999997,0.00%
3000304,MM,Ranch Sauce Family Size (10OZ),77.257356152,554,499.00000000000006,0.90072202166065,15.48%
3000100,MM,Ranch Sauce Regular Size (2OZ),307.8099631676,9555,2981.6000000000004,0.3120460491889064,10.32%
3000312,MM,Real Mayonnaise Family Size (10OZ),15.070092662,71,56.9,0.8014084507042253,26.49%
3000102,MM,Real Mayonnaise Regular Size (2OZ),136.88159686839998,3033,661.6500000000001,0.21815034619188925,20.69%
3000489,MM,Red Pepper & Garlic Sauce,64.9319684031,1141,399.34999999999997,0.35,16.26%
3000157,MM,Regular Beef Kabab platter,11433.955101158283,14080,45630,3.2407670454545454,25.06%
3000426,MM,Regular Beef Kabab platter,68.25909642543229,88,418,4.75,16.33%
3000158,MM,Regular Khishkhash Beef Kabab Platter,3592.2590662700736,4066,13582.240000000002,3.3404426955238566,26.45%
3000161,MM,Regular Mix Grills,56601.24394522377,57327,214414.5,3.7402009524307918,26.40%
3000347,MM,Regular Nashville Bites,2139.2951246094135,8000,12441.400000000001,1.5551750000000002,17.19%
3000348,MM,Regular Nashville Fries,1195.8359598652971,10423,11053.899999999998,1.0605295980044132,10.82%
3000155,MM,Regular Shish Tawouk platter,23153.962035239332,34119,100361.36000000002,2.941509422902196,23.07%
3000425,MM,Regular Shish Tawouk platter,170.73995654622414,265,1179.2499999999998,4.449999999999999,14.48%
3000572,MM,Regular Size  BBQ Chicken Bites,753.6506023892001,2553,3957.1500000000005,1.5500000000000003,19.05%
3000203,MM,Regular Size Buffalo Chicken Bites,6402.910411744349,21551,32164.12,1.4924653148345783,19.91%
3000200,MM,Regular Size Chicken Bites,6288.186464285887,26783,35463.85,1.3241179106149423,17.73%
3000202,MM,Regular Size Onion Rings,4300.3648260917535,21168,19006.56,0.8978911564625851,22.63%
3000185,MM,Regular Size Original Fries,8329.41155156473,76981,60683.55000000001,0.7882925656980295,13.73%
3000205,MM,Regular Tawouk Grilled Wrap,5222.94276140674,35057,23488.750000000004,0.6700159739852242,22.24%
3000162,MM,Regular Tikka Tenderloin platter,23859.118935645616,19942,78620.01000000001,3.9424335573162175,30.35%
3000318,MM,Shabah Sandwich,768.8662151282463,2950,5752.5,1.95,13.37%
3000300,MM,Shawarma Crave(Dummy),0,1,1.75,1.75,0.00%
1644,MM,Shawarma Feast Mixed,6863.451606355886,3067,22501.05,7.336501467231822,30.50%
3000516,MM,Shawarma Saj deal,2030.3944835747209,5285,7927.5,1.5,25.61%
3000128,MM,Shish Tawouk BBQ Plate,258.58416193597,410,1203.6000000000001,2.9356097560975614,21.48%
3000358,MM,Slimmed Sour Cream Family Size (10OZ),38.89174611800001,224,201.6,0.9,19.29%
3000103,MM,Slimmed Sour Cream Regular Size (2OZ),57.95943696359999,1616,517.5999999999999,0.32029702970297025,11.20%
2150137,MM,SM-Coop HALF CHICKEN FRIES,10.78470443641,31,38.75,1.25,27.83%
2150136,MM,SM-Coop HALF CHICKEN RICE,41.07546160330884,135,168.75,1.25,24.34%
3000315,MM,Special BBQ Sauce Family Size (10OZ),24.637659602,142,121.7,0.8570422535211267,20.24%
3000104,MM,Special BBQ Sauce Regular Size (2OZ),155.7989952148,4178,1209,0.2893729056965055,12.89%
1645,MM,Spicy Beef,69.18834071617785,22,170.5,7.75,40.58%
1646,MM,Spicy Chicken,165.8420698367,105,735,7,22.56%
3000275,MM,Spicy Puri,385.56736893332993,2081,3998.7999999999997,1.9215761653051415,9.64%
3000241,MM,Spicy Ranch Sauce Family Size (10OZ),119.27685991399998,597,552.28,0.9250921273031826,21.60%
3000101,MM,Spicy Ranch Sauce Regular Size (2OZ),342.86000660920007,7974,2487.7999999999997,0.31198896413343363,13.78%
3000195,MM,Spicy Tawouk Grilled Wrap,1330.614925126771,7861,791.3499999999998,0.10066785396260015,168.14%
3000179,MM,Spicy Tawouk Wrap Deal 2KD Deal(Dummy),0,213,426,2,0.00%
3000029,MM,Sprite,1253.82946162,13829,5783.860000000001,0.4182413768168342,21.68%
3000493,MM,Sprite,95.47200351000001,1053,521.95,0.49567901234567907,18.29%
3000258,MM,Sprite with French Fries,1672.322381180707,8259,7824.579999999999,0.9474004116721152,21.37%
3000030,MM,Sprite Zero,821.0802691900001,9056,3638.750000000001,0.4018054328621909,22.56%
3000494,MM,Sprite Zero,82.5066784,910,451.7000000000001,0.4963736263736265,18.27%
3000259,MM,Sprite Zero with French Fries,537.171758563303,2651,2511.0399999999995,0.9472048283666539,21.39%
3000481,MM,Sujuk Hummus,447.7174910065608,1237,1608.1000000000001,1.3,27.84%
3000482,MM,Sujuk platter,1518.52473866544,1940,4365,2.25,34.79%
3000590,MM,Sweet Potato,8.219852509999999,46,9.200000000000001,0.2,89.35%
3000525,MM,Sweet Potato,416.2545716912,2511,627.75,0.25,66.31%
3000048,MM,Tabboulah,6028.6553428386,20473,29665.55,1.4490084501538611,20.32%
3000239,MM,Tabboulah,448.9478267177,1561,2263.4500000000003,1.4500000000000002,19.83%
3000214,MM,Tahini Sauce Family Size (10OZ),36.81447772,305,259.24999999999994,0.8499999999999999,14.20%
3000105,MM,Tahini Sauce Regular Size (2OZ),17.1929269856,4352,666.95,0.1532513786764706,2.58%
3000553,MM,Tawook only,38.54012993072472,15,135,9,28.55%
3000242,MM,Tawook Skewer,285.00829211352004,2317,1730.5499999999997,0.7468925334484245,16.47%
3000112,MM,Tawouk Grilled Wrap,4222.6291598628995,34677,13152.369999999999,0.37928223318049425,32.11%
3000243,MM,Tawouk Grilled Wrap,17.851325286940003,116,110.2,0.9500000000000001,16.20%
3000180,MM,Tawouk Grilled Wrap Deal 2KD Deal(Dummy),0,466,932,2,0.00%
3000153,MM,Tawouk Wraps,556.5459957146999,301,2403.2000000000003,7.984053156146181,23.16%
3000319,MM,Telyani Sandwich,1129.9631801064863,2575,6051.25,2.35,18.67%
3000543,MM,Tenders + Quesadilla Combo,0,701,3329.75,4.75,0.00%
3000289,MM,Tenders 5pc Combo,7131.325534854882,11098,32734.499999999996,2.9495855109028652,21.79%
3000427,MM,Tikka Tenderloin,203.32764846183494,173,942.85,5.45,21.57%
3000129,MM,Tikka Tenderloin BBQ Plate,436.0848990697701,298,1470.1499999999999,4.933389261744966,29.66%
3000083,MM,Toasted BBQ Burger,1464.5490779550505,2337,5725.650000000001,2.45,25.58%
3000084,MM,Toasted Cheeseburger,2018.8705472840422,3452,8112.200000000001,2.35,24.89%
3000291,MM,Toasted Grill’d Chicken,773.2005252244941,1589,3036.1499999999996,1.9107300188797984,25.47%
3000498,MM,Toasted Grill’d Chicken,597.2459941195,1158,2258.1000000000004,1.9500000000000004,26.45%
3000085,MM,Toasted Mushroom Burger,3525.0241025507253,5425,13291.25,2.45,26.52%
3000549,MM,Turkish Beef Combo,76.61053778568932,86,279.5,3.25,27.41%
3000475,MM,Turkish Beef Rolls,1052.45285298819,3729,4661.25,1.25,22.58%
3000545,MM,Turkish Chicken Saj + Sujuk Combo,359.62568439841,313,1142.45,3.6500000000000004,31.48%
3000488,MM,Turkish Chicken Shawarma Saj,1072.189889308364,6901,6555.95,0.95,16.35%
3000478,MM,Turkish Kabab  saj,507.67924641606214,2051,2768.8499999999995,1.3499999999999996,18.34%
3000483,MM,Turkish Kabab Dish,2103.8123230336505,2314,8099,3.5,25.98%
3000560,MM,Turkish Kabab saj,64.09426500004129,248,37.199999999999996,0.15,172.30%
3000552,MM,Turkish Medium Grills Feast,1487.754709423751,405,6054.749999999999,14.949999999999998,24.57%
3000484,MM,Turkish Mixed Grill - Sujuk,3246.938072334502,2619,10345.050000000001,3.9500000000000006,31.39%
3000485,MM,Turkish Mixed Grills - Tikka,4005.0038262500007,3290,12995.5,3.95,30.82%
3000477,MM,Turkish Shish Tawook  saj,820.5824168433317,3531,4237.2,1.2,19.37%
3000562,MM,Turkish Sujuk Saj,55.31358873255342,134,20.1,0.15000000000000002,275.19%
3000480,MM,Turkish Sujuk Saj,1064.2692813648891,2614,3528.8999999999996,1.3499999999999999,30.16%
3000559,MM,Turkish Tikka Saj,45.36903240573051,127,50.80000000000001,0.4000000000000001,89.31%
3000474,MM,Turkish Shish Tawook Dish,4301.2450723675065,5028,16089.600000000002,3.2000000000000006,26.73%
3000479,MM,Turkish Tikka  Saj,517.3314744260297,1455,2328,1.6,22.22%
3000486,MM,Turkish Tikka Dish,3132.830496580725,2533,10638.600000000002,4.200000000000001,29.45%
3000049,MM,Vegetables BBQ Plate,16.35280834835244,51,61.20000000000001,1.2000000000000002,26.72%
3000130,MM,Vegetables Plate BBQ,49.60890646585466,197,233.99999999999997,1.1878172588832485,21.20%
3000244,MM,Vegetables Plate BBQ,2.424308539959446,7,8.4,1.2,28.86%
3000089,MM,Vimto,717.1603884811998,4647,3482.25,0.7493544222078761,20.59%
3000208,MM,Vimto,53.396759447899996,341,255.75,0.75,20.88%
3000357,MM,Vinaigerette Sauce Family Size (10OZ),11.944285320000002,51,43.349999999999994,0.8499999999999999,27.55%
3000108,MM,Vinaigerette Sauce Regular Size (2OZ),25.7632686512,529,151.95,0.2872400756143667,16.96%
3000526,MM,Whole Chicken + 7 Tawook Skewers,16.186521824144993,8,8,1,202.33%
3000171,MM,Whole Deboned Chicken (Regular),10215.074700312454,9241,36419,3.941023698733903,28.05%
3000165,MM,Whole Deboned Chicken (Spicy),4158.616698393232,3778,14890.709999999997,3.941426680783483,27.93%
3000169,MM,Whole Healthy Deboned Chicken (Regular),2318.180929161725,1998,8379,4.193693693693693,27.67%
3000167,MM,Whole Healthy Deboned Chicken (Spicy),1098.08945210918,951,3984.9599999999996,4.190283911671924,27.56%
3000191,MM,With Grilled Chicken,887.6968302149056,1586,4342.8,2.7382093316519547,20.44%
3000193,MM,With Grilled Chicken,730.6376422409824,1498,4333.180000000001,2.8926435246996003,16.86%
3000194,MM,With Tenderloin Steak,1085.1657277676468,1128,3985.94,3.5336347517730498,27.22%
3000192,MM,With Tenderloin Steak,1297.6080278144018,1190,4220.24,3.5464201680672267,30.75%
3000301,MM,Wrap & Roll(Dummy),0,60,120,2,0.00%
3000204,MM,Xlarge Size  Buffalo Chicken Bites,1946.438255993817,2444,8649.93,3.5392512274959085,22.50%
3000573,MM,X-Large size BBQ Chicken Bites,233.72559607560004,286,1015.2999999999998,3.5499999999999994,23.02%
9617,PAT,(5PC) Kinza Cola,0.6167679,2,3.5,1.75,17.62%
9618,PAT,(5PC) Kinza Diet Cola,0.6344125,2,3.5,1.75,18.13%
9619,PAT,(5PC) Kinza Lemon,2.1614048500000003,7,12.25,1.75,17.64%
821,PAT,(5Pcs) Aquafina Water,1.2152728,7,12.25,1.75,9.92%
9318,PAT,(5Pcs) Capri Sun Apple,5.56875209,48,84,1.75,6.63%
9317,PAT,(5Pcs) Capri Sun Orange,5.549723060000001,49,85.75,1.75,6.47%
9329,PAT,(5Pcs) Mirinda,1.6446591000000002,4,7,1.75,23.50%
9330,PAT,(5Pcs) Pepsi,1.23635135,3,5.25,1.75,23.55%
9331,PAT,(5Pcs) Pepsi Zero,1.23636495,3,5.25,1.75,23.55%
9682,PAT,1.500 MEAL,925.5398498660696,2372,3558,1.5,26.01%
9214,PAT,10 Pcs Nuggets,1012.2223270909,2566,4480.35,1.7460444271239284,22.59%
9468,PAT,12 Slider Combo,0,1661,20762.5,12.5,0.00%
9607,PAT,12 Sliders,117.56179132000001,1453,12350.5,8.5,0.95%
9450,PAT,2 Crispy Chicken Pattie Slider 1,1460.3640598259196,16159,6542.65,0.40489201064422303,22.32%
9278,PAT,2 Curly Fries,67.31867175999999,180,35.99999999999999,0.19999999999999996,187.00%
9277,PAT,2 Pattie Fries,73.49565114622578,91,136.5,1.5,53.84%
9469,PAT,24 Slider Combo,0,761,17122.5,22.5,0.00%
9608,PAT,24 Sliders,69.98844231,583,9415.45,16.150000000000002,0.74%
9689,PAT,2KD Deal,0,12931,25862,2,0.00%
9684,PAT,3.5 KD Deal,0,452,1582,3.5,0.00%
9698,PAT,3.5 KD Deal,0,2530,8855,3.5,0.00%
9266,PAT,5 Pc Chicken Nuggets,66.91822241752,340,322.62000000000006,0.9488823529411766,20.74%
9213,PAT,5 Pcs Nuggets,937.7754084316,4759,4516.3,0.9490018911536038,20.76%
9467,PAT,6 Slider Combo,0,2789,18849.35,6.758461814270348,0.00%
9352,PAT,7 Up 24 Oz,206.2725816612,1064,798,0.75,25.85%
9310,PAT,7up,210.65884865999996,2569,499.80000000000007,0.19455040871934606,42.15%
9348,PAT,Aquafina Water,24.861096120000006,716,144.62,0.2019832402234637,17.19%
9300,PAT,Aquafina Water,124.46897311,3585,1254.75,0.35,9.92%
9171,PAT,BARBACOA BOSS SLIDER PLUS+,51.39448376250001,187,252.45000000000002,1.35,20.36%
9172,PAT,BARBACOA LOADED BOSS SLIDER PLUS+,51.84545017040001,152,228,1.5,22.74%
9169,PAT,BARBACOA LOADED FRIES,71.39667601785001,181,334.85,1.85,21.32%
9276,PAT,BBQ Chicken Fries,361.65351110934625,1296,2268,1.75,15.95%
9275,PAT,BBQ Fries,253.31691002575158,1013,1519.5,1.5,16.67%
9553,PAT,Bearger Pose Stickers,6.62382,14,14,1,47.31%
9119,PAT,buy 1 get 1,0,4,14,3.5,0.00%
9347,PAT,Capri-sun juice apple,424.6007173,3520,802.8299999999999,0.22807670454545453,52.89%
9346,PAT,Capri-sun juice orange,403.47218815,3568,940.8000000000001,0.26367713004484306,42.89%
9123,PAT,Cheesesteak Pattie Slider PLUS+,41.07759167396,150,22.5,0.15,182.57%
9200,PAT,Chicken Bites,1691.3931898900003,8454,10567.5,1.25,16.01%
9533,PAT,Classic Pattie Slider,1292.9665013139831,9139,4004.25,0.43814968814968813,32.29%
9124,PAT,Classic Pattie Slider PLUS+,44.63778152783,175,26.249999999999996,0.14999999999999997,170.05%
9262,PAT,Cookies,13.53808353,114,73.96999999999998,0.6488596491228069,18.30%
9241,PAT,Cookies,303.98505129,2540,1651,0.65,18.41%
9120,PAT,Crispy Chicken Pattie Slider PLUS+,215.23565553313998,1189,178.35,0.15,120.68%
9279,PAT,Curly Fries,55.86409557,299,29.900000000000002,0.1,186.84%
9240,PAT,Curly Fries,923.7258525173544,5717,6288.7,1.0999999999999999,14.69%
9268,PAT,Curly Fries,74.84803192138224,455,500.49999999999994,1.0999999999999999,14.95%
9245,PAT,Curly Fries + 7up,14.055372107070985,81,68.85,0.85,20.41%
9238,PAT,Curly Fries + Aquafina Water,7.259706942663545,58,49.300000000000004,0.8500000000000001,14.73%
9246,PAT,Curly Fries + Mirinda,5.039825695624523,29,24.650000000000002,0.8500000000000001,20.45%
9247,PAT,Curly Fries + Mountain Dew,11.694409116346153,68,57.800000000000004,0.8500000000000001,20.23%
9237,PAT,Curly Fries + Pepsi,18.604117746065008,107,90.95,0.85,20.46%
9236,PAT,Curly Fries + Pepsi Zero,18.492425443286773,106,89.59,0.8451886792452831,20.64%
9239,PAT,Curly Fries + shani,14.510043104192716,84,70.72,0.8419047619047619,20.52%
9573,PAT,Double The Crave,0,2503,6894.65,2.7545545345585296,0.00%
9554,PAT,Emoji Stickers,1.9109,5,5,1,38.22%
9258,PAT,Extra American Cheese,50.679743704399996,2556,255.03999999999996,0.0997809076682316,19.87%
9257,PAT,Extra Honey Mustard,58.36869485,857,256.38,0.2991598599766628,22.77%
9272,PAT,Extra Pattie,21.069964230000004,431,107.7,0.24988399071925754,19.56%
9256,PAT,Extra Pattie Pattie Mayo,17.584659430000002,320,95.70000000000002,0.29906250000000006,18.37%
9253,PAT,Extra Pattie Pattie Sauce,75.88193876,1432,428.76,0.29941340782122905,17.70%
9259,PAT,Extra Pepper Jack Cheese,8.74436235866,228,22.719999999999995,0.09964912280701753,38.49%
9254,PAT,Extra Ranch,65.31821647,1092,326.94,0.2993956043956044,19.98%
9255,PAT,Extra Sweet Chili,31.325041430000002,560,167.64,0.2993571428571428,18.69%
9232,PAT,French Fries + 7up,40.576989981579466,285,212.54999999999998,0.7457894736842104,19.09%
9234,PAT,French Fries + Aquafina Water,16.97125877455456,178,133.2,0.748314606741573,12.74%
9233,PAT,French Fries + Mirinda,13.728211245774617,97,72.75,0.75,18.87%
9244,PAT,French Fries + Mountain Dew,14.17846469040951,99,74.1,0.7484848484848484,19.13%
9230,PAT,French Fries + Pepsi,94.9720296444796,665,498,0.7488721804511278,19.07%
9231,PAT,French Fries + Pepsi Zero,56.12019421144525,393,294,0.7480916030534351,19.09%
9235,PAT,French Fries + shani,17.04833788156902,120,89.85,0.7487499999999999,18.97%
9551,PAT,Fridge Magnet,0.6047,1,1.5,1.5,40.31%
9265,PAT,Fries,136.99028205080248,1214,1213.3999999999999,0.9995057660626029,11.29%
9202,PAT,Fries,2048.047913416707,18459,18459,1,11.10%
9561,PAT,Grey T-Shirt,4.55,1,7.5,7.5,60.67%
9475,PAT,Happie Nuggets Pattie,1890.41373827896,9277,12775.98,1.3771671876684273,14.80%
9486,PAT,Happie Pattie Party Pack,289.06171400999995,525,6037.5,11.5,4.79%
9476,PAT,Happie Slider Pattie,296.13770438,6625,9126.750000000002,1.3776226415094341,3.24%
9400,PAT,Honey Mustard,342.64653079666664,4986,1495.8,0.3,22.91%
9203,PAT,Jalapeno Cheese Nuggets,2651.6508754832,7053,10579.5,1.5,25.06%
9325,PAT,Kinza Cola,39.19760438,629,283.05,0.45,13.85%
9326,PAT,Kinza Diet Cola,34.170009199999996,548,246.60000000000002,0.45000000000000007,13.86%
9328,PAT,Kinza Diet Lemon,20.09051216,321,144.45,0.44999999999999996,13.91%
9327,PAT,Kinza Lemon,22.81733599,366,164.7,0.44999999999999996,13.85%
9322,PAT,Lipton Ice Tea - Lemon Zero,11.047213469999999,97,33.95,0.35000000000000003,32.54%
9323,PAT,Lipton Ice Tea - Peach Zero,47.71938625,419,146.65,0.35000000000000003,32.54%
9324,PAT,Lipton Ice Tea - Red Fruits Zero,39.17773429,344,120.4,0.35000000000000003,32.54%
9321,PAT,Lipton Ice Tea - Tropical Zero,24.827749330000003,218,76.29999999999998,0.3499999999999999,32.54%
9344,PAT,Mirinda,33.50722908,412,133.42,0.32383495145631064,25.11%
9308,PAT,Mirinda,57.8134783,711,236.60000000000002,0.33277074542897334,24.44%
9354,PAT,Mirnda 24 Oz,53.816713034959996,280,210,0.75,25.63%
9345,PAT,Mountain Dew,24.562092030000002,298,96.74000000000001,0.32463087248322153,25.39%
9319,PAT,Mountain Dew,131.62162227999997,1597,558.9499999999999,0.35,23.55%
9355,PAT,Mountain Dew 24 Oz,106.0449490019,547,410.25,0.75,25.85%
9242,PAT,Nashville Chicken Bites,919.3666797966999,4042,5052.5,1.25,18.20%
9269,PAT,Nashville Chicken Loaded Fries,15.151201239850003,1068,534,0.5,2.84%
9243,PAT,Nashville Chicken Loaded Fries,812.4078283973669,4042,7073.5,1.75,11.49%
9122,PAT,Nashville Chicken slider PLUS+,27.928227602410004,180,27,0.15,103.44%
9690,PAT,Nuggests Meal,0,1571,3142,2,0.00%
9204,PAT,Onion Rings,1401.1846060680116,4423,6634.5,1.5,21.12%
9267,PAT,Onion Rings,109.88473182887047,347,520.5,1.5,21.11%
9154,PAT,ORIGINAL,716.08937439337,4256,3432.3500000000004,0.8064732142857144,20.86%
9101,PAT,ORIGINAL,376.4771043342025,4759,3881.6999999999994,0.8156545492750576,9.70%
9155,PAT,ORIGINAL,1351.7449993745308,6333,5195.55,0.8203931785883468,26.02%
9152,PAT,ORIGINAL,1070.2163500339866,7478,6135.099999999999,0.8204198983685477,17.44%
9104,PAT,ORIGINAL,296.18303734443464,3602,2966.85,0.8236674069961133,9.98%
9153,PAT,ORIGINAL,1722.3085753366227,9979,8240.3,0.8257641046197013,20.90%
9100,PAT,ORIGINAL,2321.897190443648,24730,23493.5,0.95,9.88%
9165,PAT,ORIGINAL,102.16818740209989,979,930.05,0.95,10.99%
9167,PAT,ORIGINAL,151.70733753908792,851,808.4499999999999,0.95,18.77%
9151,PAT,ORIGINAL,2334.7877651308004,14279,13565.050000000001,0.9500000000000001,17.21%
9118,PAT,Pattie Duo Meal,0,215,967.5,4.5,0.00%
9280,PAT,Pattie Fries,36.29646585552961,90,67.5,0.75,53.77%
9201,PAT,Pattie Fries,4416.102342515361,11565,20238.75,1.75,21.82%
9405,PAT,Pattie Pattie Mayo,179.70396522000001,3225,967.4999999999999,0.3,18.57%
9403,PAT,Pattie Pattie Sauce,466.60954754,8818,2645.3999999999996,0.29999999999999993,17.64%
9126,PAT,Pattie Pattie slider PLUS+,59.995570119190006,212,31.800000000000004,0.15000000000000002,188.67%
9691,PAT,Pattie PLUS+ Combo,0,4372,8744,2,0.00%
9342,PAT,Pepsi,78.50359038999999,953,300.11999999999995,0.31492130115424966,26.16%
9306,PAT,Pepsi,295.53286577999995,3590,1221.5,0.3402506963788301,24.19%
9350,PAT,Pepsi 24 Oz,495.0706462093,2593,1944.75,0.75,25.46%
9343,PAT,Pepsi Zero,34.36570606,417,132.60000000000002,0.3179856115107914,25.92%
9302,PAT,Pepsi Zero,367.24694669999997,2363,930.6500000000001,0.39384257300042325,39.46%
9351,PAT,Pepsi Zero 24 Oz,523.28240536552,2772,2079,0.75,25.17%
9163,PAT,PLUS+,242.57210306682,976,1073.6,1.0999999999999999,22.59%
9732,PAT,PLUS+,28.900050380935138,187,205.7,1.0999999999999999,14.05%
9733,PAT,PLUS+,46.81250127963,178,195.79999999999998,1.0999999999999999,23.91%
9113,PAT,PLUS+,145.01189765781749,1014,1115.4,1.1,13.00%
9115,PAT,PLUS+,603.1985572362528,3715,4086.5,1.1,14.76%
9160,PAT,PLUS+,624.818458095594,2421,2663.1000000000004,1.1,23.46%
9164,PAT,PLUS+,244.95970686658814,1045,1149.5,1.1,21.31%
9730,PAT,PLUS+ Deal,0,1302,4581.5,3.5188172043010755,0.00%
9402,PAT,Ranch,316.49332418999995,5271,1581.3000000000002,0.30000000000000004,20.01%
9729,PAT,Real Deal,0,1830,2775.5,1.5166666666666666,0.00%
9728,PAT,Real Deal 2,0,2232,3445,1.543458781362007,0.00%
9168,PAT,Rodeo Beef Slider PLUS+,212.26872497899828,799,878.9,1.0999999999999999,24.15%
9116,PAT,Rodeo Chicken Slider PLUS+,126.14953481688862,811,892.1,1.1,14.14%
9349,PAT,Shani,14.402344150000001,415,133.57000000000002,0.321855421686747,10.78%
9303,PAT,Shani,225.34400003,1184,459.20000000000005,0.3878378378378379,49.07%
9353,PAT,Shani 24 Oz,123.8799611983,639,479.25,0.75,25.85%
9574,PAT,Single Crave,0,2364,3900.5999999999995,1.6499999999999997,0.00%
9487,PAT,Slider Combo,0,22354,44708,2,0.00%
9685,PAT,Sohbit Al Khair,46.618302819871886,130,130,1,35.86%
9488,PAT,Solo Feast,0,4368,15288,3.5,0.00%
9471,PAT,Solo Meal,0,2522,7439.900000000001,2.95,0.00%
9484,PAT,Special Kids Meal,0,758,1137,1.5,0.00%
9485,PAT,Special Kids Meal 2,0,597,895.5,1.5,0.00%
9207,PAT,Spiced Corn,2462.35676351577,6187,10827.25,1.75,22.74%
9121,PAT,Spicy Chicken Pattie Slider PLUS+,51.26882921271999,336,50.400000000000006,0.15000000000000002,101.72%
9114,PAT,Spicy Chicken Pattie Slider PLUS+,120.53219835184515,860,945.9999999999999,1.0999999999999999,12.74%
9161,PAT,Sweet Bacon Slider PLUS+,616.6667488339552,1930,2123,1.1,29.05%
9401,PAT,Sweet Chili,162.20226373999998,2832,849.6,0.3,19.09%
9575,PAT,The Gathering Box,0,658,3948,6,0.00%
9210,PAT,The Original,248.7402633185,593,563.3499999999999,0.9499999999999998,44.15%
9261,PAT,The Original ( Dessert ),10.90738533,26,24.7,0.95,44.16%
9478,PAT,The Trio,0,1258,3145,2.5,0.00%
9125,PAT,Truffle Mushroom Pattie Slider PLUS+,78.85856870853999,276,41.4,0.15,190.48%
9162,PAT,Truffle Mushroom Pattie Slider PLUS+,503.74344965305,1936,2129.6,1.0999999999999999,23.65%
9170,PAT,TWISTER CHAOS,92.63788588031001,252,415.80000000000007,1.6500000000000004,22.28%
4007021,SLC,12 Pc Pita Slicer,77.91373417,328,84.75,0.2583841463414634,91.93%
4014003,SLC,2 Catering Slice,0,1,340,340,0.00%
4006050,SLC,2 Chicken Rice Meals,66.37281054635132,337,1179.5,3.5,5.63%
4007024,SLC,24 Pc Saj Slicer,11.00573804,7,29.95,4.2785714285714285,36.75%
4006042,SLC,3.5 KD Deal,0,580,2030,3.5,0.00%
4006084,SLC,7up,77.41631643,945,169.75,0.17962962962962964,45.61%
4006117,SLC,7up,2.1345568,26,9.1,0.35,23.46%
4006085,SLC,7up Zero Sugar,93.44620271000001,1134,236.95,0.20895061728395062,39.44%
4006118,SLC,7up Zero Sugar,2.63748804,32,11.2,0.35,23.55%
4006086,SLC,Aquafina Water,20.50908902,585,204.75,0.35,10.02%
4006119,SLC,Aquafina Water,1.01527352,29,10.15,0.35000000000000003,10.00%
4007013,SLC,Arwa Water Slice,37.60399983,1083,72.45,0.06689750692520775,51.90%
40002290,SLC,BBQ Sauce,98.15460963609999,876,262.8,0.3,37.35%
3006070,SLC,Beef Pita Slicer Offer,28.992,3624,7248,2,0.40%
3006071,SLC,Beef Saj Slicer Offer,34.84,4355,8710,2,0.40%
5003011,SLC,buy 1 get 1,0,1,5.5,5.5,0.00%
40002316,SLC,Caesar Sauce,9.8189413618,229,60.3,0.2633187772925764,16.28%
4002063,SLC,Caramel Feuille,498.34111936,1159,2028.25,1.75,24.57%
4014001,SLC,Catering Slice,0,1,175,175,0.00%
4006008,SLC,Cheese Bites,5294.545660198,10942,19148.5,1.75,27.65%
3006073,SLC,Chicken Pita Slicer Offer,27.288,3411,6822,2,0.40%
3006072,SLC,Chicken Saj Slicer Offer,31.672,3959,7918,2,0.40%
4006009,SLC,Classic Fries,2930.145865495304,20815,23937.25,1.15,12.24%
4006001,SLC,Classic Fries FP,616.580617342,4974,5720.1,1.1500000000000001,10.78%
40002318,SLC,Combo Box 12 Pcs,0,565,9576.75,16.95,0.00%
4003004,SLC,Combo Box 24 Pcs,0,79,2366.05,29.950000000000003,0.00%
4001063,SLC,Create Your Own Doner,0,38050,74609.85,1.9608370565045994,0.00%
4001079,SLC,Create Your Own Meal Doner,261.04484128999997,14519,42831.05,2.95,0.61%
3006037,SLC,Create Your Own Meal Slicer,0,3362,9245.5,2.75,0.00%
4001098,SLC,Create Your Own Rice Bowl,1407.4645137191933,7275,14397.75,1.9790721649484535,9.78%
4001099,SLC,Create Your Own Salad,2091.1029397398497,11665,34780.75,2.9816330904414916,6.01%
3006046,SLC,Create Your Own Slicer,0,16608,19150.95,1.1531159682080925,0.00%
4006018,SLC,Crispy Onion,121.6037134088,6327,949.05,0.15,12.81%
4015004,SLC,Delivery Charges 1 kd,0,11,12,1.0909090909090908,0.00%
40002291,SLC,EXTRA BBQ SAUCE,12.8463973795,115,34.5,0.3,37.24%
4006019,SLC,Extra Beef,494.0579631261164,4429,2657.4,0.6,18.59%
4006041,SLC,Extra Beef,6.585027459565896,54,32.4,0.6,20.32%
4013014,SLC,Extra Beef Slice,124.07718908269669,1049,629.4,0.6,19.71%
40002315,SLC,Extra Caesar Sauce,13.2002581861,314,94.2,0.3,14.01%
4006020,SLC,Extra Chicken,251.02601276000001,1832,1099.2,0.6,22.84%
4006040,SLC,Extra Chicken,2.8611623500000003,21,12.600000000000001,0.6000000000000001,22.71%
4013015,SLC,Extra Chicken Slice,58.317112209050265,359,215.39999999999998,0.6,27.07%
4006038,SLC,Extra Crispy Onion,0.2740957932,14,2.1,0.15,13.05%
4006037,SLC,Extra Pickles,0.8212282748999999,42,6.3,0.15,13.04%
4006039,SLC,Extra Sauce,0.3584480031,8,2.4,0.3,14.94%
40002287,SLC,Garlic Mayo,52.409766114199996,1578,251.4,0.15931558935361217,20.85%
4006013,SLC,Kid's Meal,679.3268059937612,4848,8484,1.75,8.01%
4006087,SLC,Kinza Citrus,27.3799488,432,89.6,0.2074074074074074,30.56%
4006088,SLC,Kinza Citrus,1.54752013,25,8.75,0.35,17.69%
4006089,SLC,Kinza Cocktail,17,136,102,0.75,16.67%
4006104,SLC,Kinza Cocktail,5.875,47,35.25,0.75,16.67%
4006090,SLC,Kinza Cola,88.31948940000001,1392,267.4,0.19209770114942526,33.03%
4006105,SLC,Kinza Cola,2.7145374500000004,44,15.4,0.35000000000000003,17.63%
4006091,SLC,Kinza Diet Cola,117.37033390999999,1858,389.54999999999995,0.2096609257265877,30.13%
4006106,SLC,Kinza Diet Cola,3.7621431000000003,61,21.35,0.35000000000000003,17.62%
4006092,SLC,Kinza Diet Lemon,70.85427754,1110,230.65000000000003,0.20779279279279284,30.72%
4006107,SLC,Kinza Diet Lemon,3.04686681,49,17.15,0.35,17.77%
4006093,SLC,Kinza Lemon,48.92923041,772,140,0.18134715025906736,34.95%
4006108,SLC,Kinza Lemon,1.6080109900000001,26,9.1,0.35,17.67%
4006095,SLC,Kinza Orange,11.78281514,184,30.1,0.16358695652173913,39.15%
4006110,SLC,Kinza Orange,0.37440068,6,2.0999999999999996,0.3499999999999999,17.83%
4006096,SLC,Lipton Ice Tea - Lemon Zero,14.084895359999999,137,47.95,0.35000000000000003,29.37%
4006097,SLC,Lipton Ice Tea - Peach Zero,52.184928150000005,459,160.64999999999998,0.35,32.48%
4006098,SLC,Lipton Ice Tea - Red Fruits Zero,30.13832164,279,97.65,0.35000000000000003,30.86%
4006099,SLC,Lipton Ice Tea - Tropical Zero,22.643753179999997,219,76.65,0.35000000000000003,29.54%
4006100,SLC,Mirinda,38.74717242,474,96.25,0.2030590717299578,40.26%
4006111,SLC,Mirinda,1.6192138299999999,20,7,0.35,23.13%
4006046,SLC,Mix Pita Slicer Offer,279.217514597508,1054,2108,2,13.25%
4006045,SLC,Mix Saj Slicer Offer,401.7335122684471,1132,2264,2,17.74%
4006101,SLC,Mountain Dew,74.00270186,898,192.85,0.21475501113585746,38.37%
4006112,SLC,Mountain Dew,2.96727061,36,12.6,0.35,23.55%
4001117,SLC,Parmesan Caesar Doner,641.0982345072914,2089,4050.1499999999996,1.9387984681665866,15.83%
3006067,SLC,Parmesan Caesar Slicer,424.456717543746,2632,3053.9,1.1602963525835868,13.90%
4002061,SLC,Parmesan Ceaser Donner Pita FP,8.971947725535596,19,37.05,1.95,24.22%
4002062,SLC,Parmesan Ceaser Donner Saj FP,8.61491853969446,18,35.099999999999994,1.9499999999999997,24.54%
4001061,SLC,Parmesan Ceaser Slicer Pita FP,2.792748327542932,12,13.8,1.1500000000000001,20.24%
4001062,SLC,Parmesan Ceaser Slicer Saj FP,2.3433656360119652,9,10.35,1.15,22.64%
4003007,SLC,Parmesan Pita Slicer Deal,0,327,490.5,1.5,0.00%
4003006,SLC,Parmesan Saj Slicer Deal,34.67298239,258,387,1.5,8.96%
4006102,SLC,Pepsi,175.24388781,2111,408.45000000000005,0.19348649928943631,42.90%
4006113,SLC,Pepsi,5.77981235,69,24.150000000000002,0.35000000000000003,23.93%
4006114,SLC,Pepsi Diet,181.90446778,2191,212.45000000000002,0.09696485623003195,85.62%
40002282,SLC,Pepsi Diet,171.54873338,2091,731.85,0.35000000000000003,23.44%
4006021,SLC,Pickles,154.513619928,9522,1428.3,0.15,10.82%
4001118,SLC,Roasted Doner,840.2844551799217,3132,6032.5,1.9260855683269476,13.93%
40002303,SLC,Roasted Sauce,41.5779915323,937,266.09999999999997,0.283991462113127,15.62%
4002031,SLC,Roasted Signature Donner Pita FP,22.88454699565758,58,113.1,1.95,20.23%
4001032,SLC,Roasted Signature Slicer Pita FP,5.9745525775462465,30,34.5,1.15,17.32%
4001031,SLC,Roasted Signature Slicer Saj FP,1.782509866568194,8,11.6,1.45,15.37%
3006068,SLC,Roasted Slicer,301.4874438796974,2183,2529.9,1.158909757214842,11.92%
40002283,SLC,Sauces,0,2472,197.39999999999998,0.07985436893203883,0.00%
4006103,SLC,Shani,146.19737826,1760,370.3,0.2103977272727273,39.48%
4006115,SLC,Shani,2.27113941,27,9.45,0.35,24.03%
4006048,SLC,Signature  Saj Slicer Deal,55.771997135549356,127,190.5,1.5,29.28%
4006002,SLC,Signature Fries,2238.641527327298,7247,12682.25,1.75,17.65%
4006049,SLC,Signature Pita Slicer Deal,46.221421768451876,111,166.5,1.5,27.76%
40002284,SLC,Signature Sauces,0,6491,382.5,0.05892774610999846,0.00%
40002319,SLC,Slice Combo,0,1180,3481,2.95,0.00%
40002354,SLC,Slice-COMBO BOX 12 Pcs(Dummy),0,99,1678.05,16.95,0.00%
40002355,SLC,Slice-COMBO BOX 24 Pcs(Dummy),0,29,868.55,29.95,0.00%
40002353,SLC,Slice-Hot Sauce 2 OZ,20.726645122342855,533,21.900000000000002,0.04108818011257036,94.64%
4006094,SLC,Slice-Kinza Lift Up,0.27222201,3,2.25,0.75,12.10%
40002289,SLC,Slice-Tahina Sauce 2 OZ,34.8078655062,1637,98.7,0.06029321930360416,35.27%
40002288,SLC,Special Sauce,283.149863938,6706,1110.3000000000002,0.16556814792722938,25.50%
4001119,SLC,Spicy Doner,1052.659612631471,3665,6927.7,1.8902319236016372,15.19%
40002293,SLC,Spicy Ranch,59.492200612800005,1695,495,0.2920353982300885,12.02%
4002041,SLC,Spicy Signature Donner Pita FP,24.727591206048853,59,115.04999999999998,1.9499999999999997,21.49%
4002042,SLC,Spicy Signature Donner Saj FP,21.03115079957008,51,99.45000000000002,1.9500000000000004,21.15%
40002307,SLC,Spicy Signature Sauce,91.409615952,1657,475.5,0.28696439348219677,19.22%
4001042,SLC,Spicy Signature Slicer Pita FP,5.316074421784138,25,28.75,1.15,18.49%
4001014,SLC,Spicy Signature Slicer Saj FP,0.23890465573530123,1,1.15,1.15,20.77%
3006069,SLC,Spicy Slicer,397.33992152909,2671,3096.1,1.159153874953201,12.83%
3006062,SLC,Tahina Sauce,514.360843598,27741,150,0.005407159078620093,342.91%
4001103,SLC,Tahina Sauce,4.9991693231,230,69,0.3,7.25%
4006116,SLC,Vodavoda Water,0.81465666,4,3,0.75,27.16%
4007014,SLC,Vodavoda Water,20.571758680000002,101,75.75,0.75,27.16%
40002310,SLC,White Ranch,27.634955408299998,1121,239.4,0.2135593220338983,11.54%
40002292,SLC,White Ranch,40.6309278864,1686,489.59999999999997,0.29039145907473307,8.30%
3006065,SLC,Yoghurt Sauce,616.9386705311999,30210,267.90000000000003,0.008867924528301888,230.29%
40002313,SLC,Yoghurt Sauce,60.919383950699995,2276,304.8,0.13391915641476274,19.99%
2000173,SS,(jamiya) basaier charity meal,630.8404015676,1510,1510,1,41.78%
7000953,SS,1 Regular Beef Shawarma,9751.542898786685,37611,1451.6,0.038595091861423514,671.78%
7000954,SS,1 Regular Beef Shawarma,7725.1151064221785,29740,1211.7,0.04074310692669805,637.54%
7000955,SS,1 Regular Beef Shawarma,3417.268140118699,13095,565.9,0.04321496754486445,603.86%
7000956,SS,1 Spicy Beef Shawarma,5002.928475583289,19264,740.4999999999999,0.03843957641196013,675.61%
7000957,SS,1 Spicy Beef Shawarma,4658.352642563531,17900,704.6,0.03936312849162011,661.13%
7000958,SS,1 Spicy Beef Shawarma,2256.4453258621616,8639,358.1,0.041451556893158936,630.12%
2000202,SS,1.500 KD Deal,776.1124068044634,2571,3856.5,1.5,20.12%
6004020,SS,2 Shawarma Combo,0,71891,140803.85000000003,1.9585740913327125,0.00%
2000303,SS,2 tawouk wrap,46.57042324477397,82,8.2,0.09999999999999999,567.93%
2000274,SS,2 Tawouq Combo,1335.5873557766115,5165,7747.5,1.5,17.24%
2000039,SS,3 Pcs Of Beef Shawarma,24467.811352767818,9664,1063.8000000000002,0.11007864238410597,2300.04%
2000040,SS,3 Pcs Of Beef Shawarma,5138.045236500265,6662,800.1,0.12009906934854399,642.18%
2000041,SS,3 Pcs Of Beef Shawarma,4224.173625515371,5455,730.5,0.13391384051329056,578.26%
2000042,SS,3 Pcs Of Beef Shawarma,1159.670321895705,4475,651,0.14547486033519552,178.14%
2000049,SS,3 Pcs Of Spicy Beef Shawarma,1968.2855705170537,2554,279.3,0.10935787000783086,704.72%
2000047,SS,3 Pcs Of Spicy Beef Shawarma,1235.2419039505735,1598,178.8,0.1118898623279099,690.85%
2000048,SS,3 Pcs Of Spicy Beef Shawarma,1421.5940069817539,1839,211.8,0.11517128874388255,671.20%
2000050,SS,3 Pcs Of Spicy Beef Shawarma,1377.766132738609,1778,231.60000000000002,0.13025871766029248,594.89%
7001015,SS,3 Samoun Chicken Shawarma,4463.823681971817,16494,16494,1,27.06%
6004026,SS,3 Shawarma Combo,0,55673,145317.25,2.6101925529430785,0.00%
2005039,SS,3.5 KD Deal,0,3871,13548.5,3.5,0.00%
2000277,SS,3.5 KD Sandwiches Combo Deal,6220.848191041427,5800,20300,3.5,30.64%
2000187,SS,3.5kd deal,0,2584,9044,3.5,0.00%
2000063,SS,3.5KD Deal (5Chicken shawarma+3Fries+2Drink),728.2944500635925,648,2268,3.5,32.11%
898,SS,4pcs boneless chicken wings with BBQ sauce,2693.7069446318797,3162,22924.5,7.25,11.75%
2003003,SS,7up,2672.61353465,31679,7864.099999999999,0.24824331576122982,33.98%
2002051,SS,7up,17.881856499999998,212,56,0.2641509433962264,31.93%
2002052,SS,7UP Diet,5.7352377,68,17.95,0.2639705882352941,31.95%
2003004,SS,7up Zero Sugar,1197.63558247,14196,3529,0.24859115243730628,33.94%
2000038,SS,8 Shawarma Combo,0,8764,52584,6,0.00%
2010,SS,9 Arayes & Wraps Combo,5572.614523241445,3483,20898,6,26.67%
2003006,SS,Aquafina Water,822.83727219,23698,6509.299999999999,0.27467718794835005,12.64%
7001018,SS,Arabi Chicken Shawarma Bil Asal,1937.0192821169076,3280,9020,2.75,21.47%
2002015,SS,Banana & Fruits Mix,56.57225956195733,293,380.9,1.2999999999999998,14.85%
2002004,SS,Banana Shakir FP,8.476971446164999,33,42.900000000000006,1.3000000000000003,19.76%
1039,SS,Beef Kebab Platter,11335.013533976577,11940,35223,2.95,32.18%
7001019,SS,Beef Shawarma Bil Asal,-0.8880853455348008,307,337.70000000000005,1.1,-0.26%
2000276,SS,Best Shawarma in Town,14134.862820894197,20814,50994.3,2.45,27.72%
10005,SS,Broasted Garlic Sauce,386.62665359,10632,3721.2700000000004,0.3500065838976675,10.39%
10004,SS,Bun,387.12399999999997,11386,1135,0.09968382223783594,34.11%
2000301,SS,Buy 1 Get 1 Meal,0,28,154,5.5,0.00%
2000305,SS,Cheese Beef Arayes Sandwich,738.59064222192,3130,3443,1.1,21.45%
1049,SS,Cheese Sticks,2.5534709399999995,9,11.25,1.25,22.70%
1005,SS,Chicken Arayes Sandwich,265.98614642756763,2192,1864.8500000000001,0.8507527372262774,14.26%
1040,SS,Chicken Kebab Platter,335.2914315557825,514,1515.71,2.948852140077821,22.12%
7001021,SS,Chicken Shawarma Bil Asal,1.7333601554660683,269,255.54999999999995,0.9499999999999998,0.68%
2003030,SS,Chunky French Fries,0,41420,18354.050000000003,0.44312047320135206,0.00%
2003022,SS,Chunky French Fries,61.04528892642227,650,422.50000000000006,0.6500000000000001,14.45%
2003016,SS,Chunky Fries,133.14121293275437,1734,1127.1,0.6499999999999999,11.81%
2002014,SS,Coconut & Pineapple Mix,115.0939892669,230,299,1.3,38.49%
10003,SS,Coleslaw,557.44854991,11880,4747.92,0.39965656565656565,11.74%
959,SS,Crispy Box (4 Pieces),2202.25761722,12000,27657.440000000002,2.3047866666666668,7.96%
965,SS,Crispy Wrap Combo,422.820185809465,5134,10011.3,1.95,4.22%
2000,SS,Diwaniya Pack (6-8),0,86,1887.7,21.95,0.00%
2101,SS,Diwaniya Pack 2 (10-12),0,32,1232,38.5,0.00%
2005042,SS,Extra 1 Bun,85.918,2527,252.69999999999996,0.09999999999999998,34.00%
2005005,SS,Extra Beef,2798.504982675836,30513,9420.94,0.3087516796119687,29.71%
2005026,SS,Extra Cheese,52.77489073,2754,273.58000000000004,0.09933914306463328,19.29%
2001015,SS,Extra Chicken,723.6088704628468,16929,5246.76,0.30992734361155416,13.79%
10007,SS,Extra Coleslaw,121.26196512000001,2597,1038.8000000000002,0.4000000000000001,11.67%
2005038,SS,Extra Ketchup,0,13912,348.04,0.02501725129384704,0.00%
2005037,SS,Extra Round Crinkle Fries,1000.3478805536444,65336,806,0.012336231174237787,124.11%
2005043,SS,Extra Shawarma Bread 2 pieces,7.773778963494474,792,79.2,0.1,9.82%
2005022,SS,Extra Spicy Garlic Broasted Sauce,181.42019746,3989,1396.15,0.35000000000000003,12.99%
2005036,SS,Extra Spicy Sauce,207.55759673385,26176,1099.1000000000001,0.04198884474327629,18.88%
1050,SS,Fattoush,4933.395442658193,25652,25478,0.9932169031654452,19.36%
2003023,SS,Fattoush,62.23496135492317,329,329,1,18.92%
2005047,SS,French Fries,287.82162105210364,25458,2545.7999999999997,0.09999999999999999,11.31%
2002017,SS,Fruits & Icecream Mix,73.1602634598494,379,492.69999999999993,1.2999999999999998,14.85%
2005033,SS,Full Chicken,6960.235890102989,5596,22032.310000000005,3.937153323802717,31.59%
2006030,SS,Garlic Sauce,1161.43796542,29040,6825.300000000001,0.23503099173553724,17.02%
1052,SS,Grilled Sandwiches Combo,0,21620,55341.2,2.5597224791859388,0.00%
1043,SS,Grilled wings,3393.496703143955,11162,21765.899999999998,1.9499999999999997,15.59%
2005032,SS,Half Chicken,6342.203129916359,7794,21051.880000000005,2.7010366948935083,30.13%
2007002,SS,Hummus,0.6609679399999999,5,3.25,0.65,20.34%
1044,SS,Hummus,2885.9982816268903,23805,20006.62,0.8404377231674017,14.43%
1045,SS,Hummus With Beef Shawarma,1654.5641170813617,5440,6800,1.25,24.33%
7001020,SS,Hummus with Shawarma & Honey,116.89760374950552,468,748.8000000000001,1.6,15.61%
2005019,SS,Kabab Combo,7605.97591344287,14456,28912,2,26.31%
2000170,SS,Kabab Rice Platter,0,1057,2642.5,2.5,0.00%
2005046,SS,Ketchup,0,3462,346.2,0.09999999999999999,0.00%
2002021,SS,Kinza Cola,827.8426026,13274,3353.0499999999993,0.2526028326050926,24.69%
2002056,SS,Kinza Cola,6.352024720000001,103,26.700000000000003,0.2592233009708738,23.79%
2002022,SS,Kinza Diet Cola,685.46225249,10997,2746.9000000000005,0.24978630535600624,24.95%
2002057,SS,Kinza Diet Cola,7.03053706,114,29.6,0.2596491228070176,23.75%
956,SS,Kinza Diet Cola,0,10338,13956.3,1.3499999999999999,0.00%
2002024,SS,Kinza Diet Lemon,385.22218861000005,6154,1452.2,0.23597660058498537,26.53%
1003,SS,Kinza Diet Lemon 180ml,9323.60144161521,37404,31793.399999999994,0.8499999999999999,29.33%
2002023,SS,Kinza Lemon,401.20551791,6412,1499.3000000000002,0.23382719900187152,26.76%
2002058,SS,Kinza Lemon,6.416098030000001,104,28.350000000000005,0.2725961538461539,22.63%
2002025,SS,Kinza Orange,97.35380609,1551,425.3,0.2742101869761444,22.89%
2002010,SS,Laban,5326.421062500734,30924,23193,0.75,22.97%
2002047,SS,Laban,53.8935387355103,407,305.25,0.75,17.66%
2002001,SS,Laban Shakir FP,390.8298125490378,3047,2285.25,0.75,17.10%
2003029,SS,Large Chuncky Fries,819.9167748304012,3545,6203.75,1.75,13.22%
2003031,SS,Large Crinckled Fries,2050.6273857485794,5876,10283,1.75,19.94%
2000883,SS,Lebanese Beef Shawarma,4201.843500615598,16840,9807.75,0.5824079572446555,42.84%
2000001,SS,Lebanese Box,0,343,3087,9,0.00%
7471210,SS,Lebanese Bread,40.608000000000004,1504,150.4,0.1,27.00%
2000882,SS,Lebanese Chicken Shawarma,3208.198196552241,19310,11001.15,0.5697125841532884,29.16%
2002916,SS,Lipton Ice Tea - Lemon Zero,9.794432610000001,86,30.100000000000005,0.35000000000000003,32.54%
2002917,SS,Lipton Ice Tea - Peach Zero,35.077735679999996,308,107.80000000000001,0.35000000000000003,32.54%
2002918,SS,Lipton Ice Tea - Red Fruits Zero,22.322195,196,68.60000000000001,0.35000000000000003,32.54%
2002919,SS,Lipton Ice Tea - Tropical Zero,14.12220522,124,43.400000000000006,0.35000000000000003,32.54%
2002003,SS,Mango Shakir FP,93.96693483000001,173,224.90000000000003,1.3000000000000003,41.78%
960,SS,Mineral water,1900.1773002099997,8736,24935.4,2.8543269230769233,7.62%
2006032,SS,Mini Katayef,0,1623,6478.85,3.991897720271103,0.00%
2003005,SS,Mirinda,858.14433361,10172,2502.2499999999995,0.2459939048368069,34.29%
2002053,SS,Mirinda,8.3518177,99,26.85,0.27121212121212124,31.11%
2005020,SS,MIX Combo,7297.096677037185,18119,36238,2,20.14%
1041,SS,Mixed Grill Platter,26120.008048522206,25056,91454.4,3.65,28.56%
1042,SS,Mixed Grill Platter (4 People),1241.4193815904862,346,2793,8.072254335260116,44.45%
2002915,SS,Mountain Dew,1979.99725526,24022,6165.1,0.2566439097493964,32.12%
2002055,SS,Mountain Dew,23.73820704,288,75.95,0.2637152777777778,31.26%
1007,SS,Mountain Dew 150ml,14275.361795548686,10642,42036.69,3.9500742341665105,33.96%
1047,SS,Muhammara,1052.347057755611,3283,4103.5,1.2499238501370697,25.65%
2005031,SS,Musahab Rice Bowl,14497.25991691725,20684,53882.95,2.6050546315993035,26.91%
2005027,SS,Musahab Wrap,0,24600,33210,1.35,0.00%
2005030,SS,Musahab Wrap Combo,3912.301473362161,7942,15486.899999999998,1.9499999999999997,25.26%
1048,SS,Muttabal,1394.1586103664201,5950,5652.31,0.9499680672268909,24.67%
2003032,SS,new Round Crinkle Fries,0,57641,19005.3,0.3297184295900487,0.00%
2002016,SS,Peach. Fruits & Ice Cream Mix,48.15212583731728,212,275.6,1.3,17.47%
897,SS,Pepperoni Enchilada,554.4729525399999,2209,11597.25,5.25,4.78%
2003001,SS,Pepsi,6704.3491549400005,79467,19028.15,0.2394471919161413,35.23%
2002049,SS,Pepsi,36.606098470000006,434,113.1,0.2605990783410138,32.37%
2003002,SS,Pepsi Diet,4381.39059512,51933,12328.15,0.23738566999788188,35.54%
2002050,SS,Pepsi Diet,37.61892771000001,446,117.35000000000002,0.26311659192825115,32.06%
1000,SS,Pepsi Diet 150ml,11732.15549216405,48747,44907.05,0.9212269472993211,26.13%
2005040,SS,Plain Rice,360.710600449,1626,1626,1,22.18%
2000174,SS,Ramadan Donation Meal,1351.05105922,3150,3150,1,42.89%
1004,SS,Regular Beef Arayes Sandwich,22529.181105910902,118295,104769.60999999999,0.8856638911196584,21.50%
2003018,SS,Regular Chuncky Fries,2635.332208762207,27913,18396.95,0.6590817898470247,14.32%
2003021,SS,Round Crinkle Fries,51.92639498304652,632,422,0.6677215189873418,12.30%
2002008,SS,Shakir Banana,18.95761683699577,65,84.5,1.3,22.44%
10001,SS,Shakir Broasted Meal,16949.526426866043,20860,51350.82,2.4616883988494727,33.01%
10002,SS,Shakir Broasted Meal Spicy,21285.393081466293,28464,70060.5,2.461372259696459,30.38%
2001013,SS,Shakir Chicken 12 pcs box,68.90978644284955,40,360,9,19.14%
2003009,SS,Shakir Cocktail,31.970616598885293,192,249.6,1.3,12.81%
2004001,SS,Shakir Crinkle Fries,15018.758795972797,136078,82913.54000000001,0.6093089257631653,18.11%
1046,SS,Shakir Hummus,872.22775923399,6217,5905.959999999999,0.9499694386359979,14.77%
2002013,SS,Shakir Lemonade,102.52745355727964,426,553.8,1.2999999999999998,18.51%
2002006,SS,Shakir Lemonade FP,57.07378554127255,276,358.79999999999995,1.2999999999999998,15.91%
2002011,SS,Shakir Mango,219.99738365,382,496.6,1.3,44.30%
2001007,SS,Shakir Mini Shawarma Box,2.8256408994107485,2,11.5,5.75,24.57%
2002007,SS,Shakir Mix Cocktail 1 FP,130.97993469155,281,365.3,1.3,35.86%
2003007,SS,Shakir Mix Cocktail 2,22.751027320898775,141,183.29999999999998,1.2999999999999998,12.41%
2003008,SS,Shakir Mix Cocktail 3,6.43079292628236,33,42.9,1.3,14.99%
2003017,SS,Shakir new Crinkle Fries,5602.500507083802,50326,36644,0.728132575607042,15.29%
2002018,SS,Shakir Peach,5163.538890181851,13969,18159.7,1.3,28.43%
2002005,SS,Shakir Peach Juice FP,502.40256615605,1457,1894.1000000000001,1.3,26.52%
2001016,SS,Shakir Regular Size,16420.554603986235,129286,90100.34999999999,0.6969072444038797,18.22%
2001010,SS,Shakir Regular Size,54150.72139708041,439615,307749.30000000005,0.7000427646918327,17.60%
2001001,SS,Shakir Regular Size,100070.60092372094,401200,296450,0.7389082751744765,33.76%
2001002,SS,Shakir Regular Size,52016.21090278763,208304,153973.24999999997,0.7391756759351715,33.78%
1051,SS,Shakir Salad,2980.142299338182,10107,13517.55,1.3374443455031166,22.05%
2001009,SS,Shakir Shawarma Beef Platter,13011.60185661578,11598,35246.71,3.0390334540438007,36.92%
2001012,SS,Shakir Shawarma Chicken Platter,6467.2716458964405,9908,29228.600000000002,2.95,22.13%
2005981,SS,Shakir Spicy Garlic,910.47717211,14138,3029.7400000000007,0.2142976375724997,30.05%
7000962,SS,Shakir Super Size,5660.890630769391,26968,36406.8,1.35,15.55%
7001011,SS,Shakir Super Size,11667.931396246351,27936,38316.8,1.3715922107674685,30.45%
2002019,SS,Shakir Watermelon,81.9246216037385,397,516.1,1.3,15.87%
2002002,SS,Shakir Watermelon Juice FP,32.56901194385588,189,245.69999999999996,1.2999999999999998,13.26%
1074,SS,Shakir's Large Platter,11792.200189392308,1879,35738.05,19.01971793507185,33.00%
1073,SS,Shakir's Medium Platter,12301.896055316554,2981,38831.95,13.026484401207647,31.68%
2003012,SS,Shani,1332.60675576,15796,3780.600000000001,0.23933907318308437,35.25%
2002054,SS,Shani,14.33845483,170,44.35,0.26088235294117645,32.33%
2000273,SS,Shawarma & Tawouq Combo,2629.574166903659,10784,16176,1.5,16.26%
6004023,SS,Shawarma Box,0,20450,185064,9.04958435207824,0.00%
2005035,SS,Shawarma Bread 2 pieces,189.62431537795655,18771,1875.8600000000001,0.09993394065313516,10.11%
2000298,SS,Shawarma Game Box - Team A,0,663,7458.75,11.25,0.00%
2000299,SS,Shawarma Game Box - Team B,0,138,1552.5,11.25,0.00%
1006,SS,Shish Tawouq Platter,9067.344986868025,15536,45695.28999999999,2.9412519309989698,19.84%
1001,SS,Shish Tawouq Sandwich,3344.0779557246187,28162,26324.96,0.9347688374405226,12.70%
1002,SS,Shish Tawouq Wrap,4932.183029950778,39238,29576,0.7537591110658035,16.68%
7001014,SS,spicy,2904.4373452533036,12362,16688.600000000002,1.3499919106940625,17.40%
7001010,SS,spicy,7763.730003234377,18990,26058.45,1.372219589257504,29.79%
2000306,SS,Spicy Beef Arayes Sandwich,168.60059793005,796,875.6,1.1,19.26%
2000307,SS,Spicy Cheese Beef Arayes Sandwich,315.73915562804,1384,1591.6000000000001,1.1500000000000001,19.84%
2004002,SS,Spicy Fried Sliced Potatoes,0.5369205179161526,4,1.9500000000000002,0.48750000000000004,27.53%
10006,SS,Spicy Garlic Broasted Sauce,405.38011,8908,3105.6200000000003,0.34863268971710826,13.05%
2005016,SS,Spicy Mix,1165.3067646800002,19430,4646.9,0.2391610910962429,25.08%
2006031,SS,Tahina Garlic Sauce,778.1832842500002,12453,2770.6,0.22248454187745925,28.09%
2005015,SS,Tahina Sauce,2186.3532823405308,34241,8281,0.24184457229636985,26.40%
1451,SS,Tawouq and Areayes combo,5640.767013290966,17097,31428.5,1.8382464759899397,17.95%
1053,SS,Tawouq Combo,4351.983944601608,17124,34248,2,12.71%
2000171,SS,Tawouq Rice Platter,0,964,2169,2.25,0.00%
2002020,SS,Vimto,1926.8214216855301,16020,8009.9,0.4999937578027465,24.06%
2002048,SS,Vimto,21.252138603599395,245,122.5,0.5,17.35%
2003011,SS,Vimto Shakir FP,90.90885321515108,1095,547.5,0.5,16.60%
40002069,TBL, Tikka for Fattoush Awesome Bowl,1706.9600953820516,1365,4777.7,3.50014652014652,35.73%
40002445,TBL,(Half)Deboned Chicken,4721.16765392996,5998,20093.3,3.35,23.50%
40002446,TBL,(Whole)Deboned Chicken,5604.271618714873,4567,21236.55,4.6499999999999995,26.39%
40002510,TBL,1 Deboned Whole Chicken,872.20120716,807,801,0.9925650557620818,108.89%
40002004,TBL,1 Herbs Tawouk Wrap,0,13095,15770,1.2042764413898435,0.00%
40002516,TBL,2 Chicken Shawarma Rice Bowl,21.296131907590123,20,107.25,5.3625,19.86%
40002515,TBL,2 Herbs Tawouk Wrap,4.1446383812299095,11,26.25,2.3863636363636362,15.79%
40002481,TBL,2Tawouk wraps deal,3404.574857232913,6471,9706.5,1.5,35.08%
40002161,TBL,5 X 5 Regular Wraps,686.044864512914,308,3064.6000000000004,9.950000000000001,22.39%
40002169,TBL,5 X 5 Tabel Wraps,1410.0018460986162,586,6416.7,10.95,21.97%
40002160,TBL,All Beef 20 halfs,783.8132675463439,228,2268.6,9.95,34.55%
40002171,TBL,All Herbs Tawouk 20 Halfs,137.49925349259152,78,760.5,9.75,18.08%
40002172,TBL,All Kabab 20 halfs,234.6321395549067,87,952.6500000000001,10.950000000000001,24.63%
40002173,TBL,All Mutabbal Kabab 20 halfs,69.17049710890502,24,282,11.75,24.53%
40002168,TBL,All Tawouk Wrap 20 halfs,566.4578647445,307,2747.65,8.950000000000001,20.62%
40002152,TBL,Appetizer Goodness Box,1855.9070538938154,1266,8355.6,6.6000000000000005,22.21%
40002134,TBL,Beef Arayis,9451.300599412723,10511,28899.75,2.7494767386547427,32.70%
40002135,TBL,Beef Arayis With Cheese,5823.602293555201,6298,16059.899999999998,2.55,36.26%
40002043,TBL,Beef Eggplant Fattah,1256.3619030753498,1985,5458.75,2.75,23.02%
40002012,TBL,Beef Hummus,0,924,4.1,0.004437229437229437,0.00%
40002046,TBL,Beef Hummus (With Bread),2880.4153260207,6207,12724.35,2.0500000000000003,22.64%
40002047,TBL,Beef Hummus (Without Bread),2381.89254381797,6121,10711.75,1.75,22.24%
40002139,TBL,Beef Shawarma,0,5154,4.4,0.0008537058595265814,0.00%
40002539,TBL,Beef Shawarma,122.22357034166703,120,390,3.25,31.34%
40002449,TBL,Beef Shawarma Rice Bowl,3531.2575388138416,4297,12891,3,27.39%
40002405,TBL,Beef Shawarma.,158.6986123474388,282,930.6,3.3000000000000003,17.05%
40002480,TBL,Bel fern &  2 shawrma combo,3347.245931794266,2773,9705.5,3.5,34.49%
40002500,TBL,Brown Rice & Quinoa,63.60068273528757,552,10.4,0.01884057971014493,611.55%
40002060,TBL,Brown Rice awesome bowls,0,1036,16.6,0.016023166023166023,0.00%
9410,TBL,Carbonated Water,168.00090011999998,1009,605.9999999999999,0.6005946481665013,27.72%
40002020,TBL,Chef Salad,4818.848653701553,7812,17568.9,2.248963133640553,27.43%
40002040,TBL,Chicken Eggplant Fattah,314.1905509962977,644,1513.3999999999999,2.3499999999999996,20.76%
40002137,TBL,Chicken Shawarma,0,5023,7.6,0.001513040015926737,0.00%
40002538,TBL,Chicken Shawarma,18.32044180422745,27,81,3,22.62%
40002443,TBL,Chicken Shawarma Feast,0,814,2849,3.5,0.00%
40002162,TBL,Chicken Shawarma Goodness Box,2374.714835991058,1237,9834.15,7.949999999999999,24.15%
40002444,TBL,Chicken Shawarma Rice Bowl,1363.7461271930558,2683,7378.25,2.75,18.48%
40002406,TBL,Chicken Shawarma.,92.673030628,370,1147,3.1,8.08%
40002379,TBL,Chopped Deboned Chicken.,299.9582899702052,251,803.1999999999998,3.1999999999999993,37.35%
40002360,TBL,Coconut Curry For Deboned Chicken Brown Rice,69.6692507995,434,43.39999999999999,0.09999999999999998,160.53%
40002496,TBL,Coconut Curry Sauce,40.63772984749999,259,25.9,0.09999999999999999,156.90%
40002207,TBL,Coconut Curry Sauce,1643.816785273345,3097,8946.4,2.88873103002906,18.37%
40002206,TBL,Coconut Curry Sauce,194.741873319315,295,973.5000000000001,3.3000000000000003,20.00%
40002208,TBL,Coconut Curry Sauce,1044.6192020059702,1118,4408.2,3.9429338103756706,23.70%
40002209,TBL,Coconut Curry Sauce 5,52.991149166179994,97,19.400000000000002,0.2,273.15%
1649,TBL,Creamy Choconafa,2152.981343927647,6500,9290.150000000001,1.4292538461538464,23.17%
40002185,TBL,Creamy Choconafa,7.657776940000001,23,33.349999999999994,1.4499999999999997,22.96%
40002180,TBL,Creamy Choconafa,176.63285382,530,768.5000000000001,1.4500000000000002,22.98%
40002448,TBL,Deboned Chicken Rice Bowl,2303.998407522003,2747,8217,2.9912631962140517,28.04%
40002001,TBL,Double Mix Deal,2189.3106982540817,5897,11786,1.998643377988808,18.58%
40002002,TBL,Double Shawarma Deal,5384.962707324704,15804,13420,0.8491521133890154,40.13%
40002349,TBL,Double Shawarma Deal(Dummy),0,9090,18180,2,0.00%
40002003,TBL,Double Tawook Deal,4353.553756901591,13128,10482,0.7984460694698354,41.53%
40002009,TBL,Eggplant Fattah,0,564,11,0.01950354609929078,0.00%
40002042,TBL,Eggplant Fattah (Plain),1411.5567116294367,3863,7532.849999999999,1.95,18.74%
40002093,TBL,Extra Herb Tawouk Skewer,623.9620826893367,5564,4729.4,0.85,13.19%
40002092,TBL,Extra Kabab Skewer,420.75349056625,2359,2241.05,0.9500000000000001,18.77%
40002091,TBL,Extra Tawouk Skewer,645.5523580619799,5064,4302.7,0.8496642969984202,15.00%
40002090,TBL,Extra Tikka Skewer,1699.79087183934,5321,6646.25,1.2490603270062017,25.58%
40002154,TBL,Fam Goodness Box,24882.10028581058,5499,82150.25,14.939125295508275,30.29%
40002018,TBL,Farm Salad,3771.1181851837996,13409,14741.1,1.099343724364233,25.58%
40002440,TBL,Farm Salad,378.2916365678,1235,1358.5,1.1,27.85%
40002513,TBL,Fatteh Grape Leaves,1089.7158642347565,2628,5772.8,2.1966514459665145,18.88%
40002016,TBL,Fattoush,16480.900385340927,43381,64062.99999999999,1.4767524953320577,25.73%
40002054,TBL,Fattoush,1282.9343583040106,3322,4983,1.5,25.75%
40002467,TBL,Fattoush Awesome Bowl,151.13454926378571,178,3.3,0.018539325842696627,4579.83%
40002163,TBL,Five Beef & Five Chicken 20 Halfs,9130.444984518135,3366,30089.899999999998,8.9393642305407,30.34%
40003135,TBL,Garlic Maabouj,2.7387139667466402,84,33.599999999999994,0.3999999999999999,8.15%
40002435,TBL,Garlic Sauce - 40 ML,40.0416636844,1923,576.9,0.3,6.94%
40002025,TBL,Garlic Sauce - 40 ML,196.627137372,9601,2880.3,0.30000000000000004,6.83%
40002200,TBL,Garlic Sauce - L,148.20953809000002,1481,1332.8999999999999,0.8999999999999999,11.12%
40002153,TBL,Gathering Goodness Box,31342.820928481196,4709,89046.05,18.90975791038437,35.20%
40002181,TBL,Grape Leaves,183.68034884725,760,1064,1.4,17.26%
40002143,TBL,Grilled Halloumi wrap,797.8984727624901,2596,3245,1.25,24.59%
40002034,TBL,Grilled Wings Plain Flavor Large Size,563.6546698223201,1212,3333,2.75,16.91%
40002033,TBL,Grilled Wings Plain Flavor Regular Size,1670.88765206931,6732,10092,1.499108734402852,16.56%
40002128,TBL,Half Grilled Chicken Regular,16.68570944168738,25,73.75000000000001,2.9500000000000006,22.62%
40002129,TBL,Half Grilled Chicken Spicy,5.396520731875648,8,23.6,2.95,22.87%
40002070,TBL,Herb Tawouk,977.3191990748057,1267,3910.2000000000003,3.0861878453038676,24.99%
40002072,TBL,Herb Tawouk,916.5767227032117,1424,4414.599999999999,3.100140449438202,20.76%
40002059,TBL,Herb Tawouk,1706.758401117102,2663,8704.3,3.268606834397296,19.61%
40002078,TBL,Herb Tawouk,676.8193399575534,928,3294.4,3.5500000000000003,20.54%
40002164,TBL,Herb Tawouk,251.80912560967917,124,1233.8000000000002,9.950000000000001,20.41%
40002174,TBL,Herb Tawouk,100.09664129823557,41,489.95,11.95,20.43%
40002064,TBL,Herbs Tawook Brown Rice Bowl,0,3574,13.5,0.0037772803581421375,0.00%
40002509,TBL,Herbs Tawook Brown Rice Bowl ( Mushroom Sauce ),64.2349706341172,81,238.95,2.9499999999999997,26.88%
40002202,TBL,Herbs Tawook Coconut Curry Bowl,2880.0693062185333,5422,15994.9,2.9499999999999997,18.01%
40002456,TBL,Herbs Tawook Mushroom Bil Fern,3265.6904184047685,3735,12858.15,3.442610441767068,25.40%
40002125,TBL,Herbs Tawouk,5026.329756749715,8111,25936.000000000004,3.1976328442855384,19.38%
40003124,TBL,Herbs Tawouk,34.05963983925709,53,172.25,3.25,19.77%
40002103,TBL,Herbs Tawouk,430.76994928553216,584,2014.8,3.4499999999999997,21.38%
40002111,TBL,Herbs Tawouk,863.4436787548182,966,3332.7,3.4499999999999997,25.91%
40002116,TBL,Herbs Tawouk,28.26993654019288,41,141.45000000000002,3.4500000000000006,19.99%
40002535,TBL,Herbs Tawouk,29.404683383639323,44,154,3.5,19.09%
40002142,TBL,Herbs Tawouk Wrap,458.21032771593997,2739,3392.5,1.2385907265425338,13.51%
40002376,TBL,Herbs Tawouk.,440.79942896395085,683,2117.3,3.1,20.82%
40002044,TBL,Hummus (With Bread),2198.1602277252005,11483,16073.400000000001,1.3997561612818952,13.68%
40002045,TBL,Hummus (Without Bread),3218.3743306475,19055,20940.7,1.0989609026502232,15.37%
40002512,TBL,Hummus Beiruti,214.26149107153998,1560,2253.2999999999997,1.4444230769230768,9.51%
40002511,TBL,Hummus Shawarma Chicken,195.31660420212,541,945.5500000000001,1.7477818853974123,20.66%
40002526,TBL,Kaba For Maabouj Rice Bowl,44.70423790056429,53,188.15,3.5500000000000003,23.76%
40002115,TBL,Kabab,765.6975289390361,905,3393.75,3.75,22.56%
40002175,TBL,Kabab,186.61990568,62,771.9,12.45,24.18%
40002058,TBL,Kabab Brown Rice awesome bowls,555.9567931987182,747,2539.7999999999997,3.3999999999999995,21.89%
40002165,TBL,Kabab Brown Rice Bowl,291.9005088707858,119,1338.75,11.25,21.80%
40002205,TBL,Kabab Coconut Curry Bowl,1153.328685837365,1767,5831.1,3.3000000000000003,19.78%
40002071,TBL,Kabab For  Fattoush Awesome Bowl,285.00458243310925,308,999.8000000000002,3.2461038961038966,28.51%
40002112,TBL,Kabab For Khishkhash Mangoo3 & Mushroom Mangoo3,2477.870492992798,2363,8853.75,3.7468260685569192,27.99%
40002073,TBL,Kabab for Quinoa & Brown Rice Awesome Bowls,362.33295832162196,445,1468.5,3.3,24.67%
40002079,TBL,Kabab Quinoa Awesome Bowls,156.88104763100046,189,670.95,3.5500000000000003,23.38%
40002104,TBL,Kabab Tahini Mangoo3,2465.280060533359,2700,10125,3.75,24.35%
40002124,TBL,Kabab. For Create your own bowl,11589.170262285194,13994,48266.7,3.449099614120337,24.01%
40002150,TBL,Khishkash Kabab Wrap (Regular),2003.5383118340615,8305,10791.3,1.2993738711619505,18.57%
40002151,TBL,Khishkash Kabab Wrap (Spicy),1110.3339742294627,4535,5890.299999999999,1.2988533627342886,18.85%
40002470,TBL,Khishkhas,41.0140363336,695,69,0.09928057553956834,59.44%
40002082,TBL,Khishkhash,1000.7694577341772,1728,4752,2.75,21.06%
40002098,TBL,Khishkhash,2265.8474915397287,3301,10233.1,3.1,22.14%
40002087,TBL,Khishkhash,1167.128189700541,1186,4447.5,3.75,26.24%
40002127,TBL,Khishkhash Kabab,3674.548859226276,3940,14381,3.65,25.55%
40002192,TBL,Khishkhash Sauce- 150 Ml,30.57329723,263,249.85,0.95,12.24%
40002193,TBL,Khishkhash Sauce- 40 ML,39.868729719200005,1270,381.00000000000006,0.30000000000000004,10.46%
1652,TBL,Kinza Cola,775.8201586900001,11407,5130.45,0.44976330323485575,15.12%
40002031,TBL,Kinza Cola,141.41958513,2078,935.1,0.45,15.12%
40002156,TBL,kinza Cola Diet,1257.07446248,18479,8308.35,0.44961036852643543,15.13%
40002030,TBL,kinza Cola Diet,236.56593099000003,3497,1573.6500000000003,0.45000000000000007,15.03%
40002023,TBL,Large Roasted Potato Fingers,1295.489555377622,4361,9812.25,2.25,13.20%
9408,TBL,Lemon Falvor Carbonated Water,451.66080504999996,2710,1626,0.6,27.78%
40002032,TBL,Lemon Flavor Carbonated Water,26.83333413,161,96.60000000000001,0.6000000000000001,27.78%
40003130,TBL,Maabouj Batata,69.63780585843696,278,430.9,1.5499999999999998,16.16%
40003127,TBL,Maabouj Herbs Tawouk Chargrill,51.1518661218825,69,238.05,3.45,21.49%
40002523,TBL,Maabouj Kabab Chargrill,74.92979010200119,65,240.5,3.7,31.16%
40003129,TBL,Maabouj Mixed Grill,189.12450761907277,160,671.9999999999999,4.199999999999999,28.14%
40003134,TBL,Maabouj Sauce (Extra Spicy),4.950962584000001,106,42.400000000000006,0.4000000000000001,11.68%
40003128,TBL,Maabouj Tawouk Chargrill,63.84787364236251,93,320.85,3.45,19.90%
40003126,TBL,Maabouj Tikka Chargrill,119.92779417817329,93,413.85,4.45,28.98%
40003133,TBL,Maabouj Beef Shawarma,93.70280389337,244,329.40000000000003,1.35,28.45%
40003132,TBL,Maabouj Chicken Shawarma,68.3043691305225,346,415.2,1.2,16.45%
40003131,TBL,Maabouj Tawouk Wrap,30.82316810271125,163,241.5,1.48159509202454,12.76%
40002455,TBL,Meat Ball Khishkhash Bil Fern,919.7518254727853,1118,3633.5,3.25,25.31%
40002454,TBL,Meat Ball Mushroom Bil Fern,1951.226680183865,1972,6796.500000000001,3.4465010141987835,28.71%
40002453,TBL,Meat Ball Tahina Bil Fern,1590.9000345103202,1953,6334.25,3.243343573988735,25.12%
40002527,TBL,Meatball,11.454994488687577,17,59.5,3.5,19.25%
40002514,TBL,Meatball Potato Chimichuri,577.3308422907496,1484,2893.7999999999997,1.9499999999999997,19.95%
40002028,TBL,Mineral water,247.05787515999995,6960,127,0.01824712643678161,194.53%
9407,TBL,Mineral water,420.35630249,6313,1577.25,0.24984159670521147,26.65%
9406,TBL,Mini Chargrilled Wraps Goodness Box,222.21891269583998,2186,2732.5,1.25,8.13%
40002459,TBL,Mint Lemonade,220.84708260216,1991,2481.25,1.2462330487192366,8.90%
40002136,TBL,Mix Arayis,2140.759197707327,2579,6829.050000000001,2.6479449398991863,31.35%
40002117,TBL,Mixed Grills,48950.58830454897,48471,191420.95,3.9491850797384007,25.57%
40002050,TBL,Muhamarah (With Bread),701.0476068875,2564,4487,1.75,15.62%
40002051,TBL,Muhamarah (Without Bread),874.9327568722001,3919,5682.55,1.45,15.40%
40002080,TBL,Mushroom,3067.001346363542,4271,12034.900000000001,2.8178178412549757,25.48%
40002083,TBL,Mushroom,11020.618950695654,15193,43826.8,2.8846705719739356,25.15%
40002097,TBL,Mushroom,917.3529084117612,1087,3495.6,3.215823367065317,26.24%
40002085,TBL,Mushroom,7350.110569724735,6460,25079.8,3.8823219814241483,29.31%
40002194,TBL,Mushroom - 40 ml,238.5531426768,2114,899.1,0.4253074739829707,26.53%
40002186,TBL,Mushroom 2,63.097686158,40,0.15,0.00375,42065.12%
40002110,TBL,Mushroom Sauce,0,973,11.149999999999999,0.01145940390544707,0.00%
40002469,TBL,Mushroom Sauce,169.6766100683,1070,160.2,0.1497196261682243,105.92%
40002195,TBL,Mushroom Sauce - 150 Ml,172.98678365249998,409,449.90000000000003,1.1,38.45%
40002052,TBL,Mutabbal (With Bread),483.00814671604996,1919,3159.75,1.6465607087024492,15.29%
40002053,TBL,Mutabbal (Without Bread),895.1073203277499,4460,6020.999999999999,1.3499999999999999,14.87%
40002141,TBL,Mutabbal Kabab Wrap,1795.1238939887548,6723,9018,1.3413654618473896,19.91%
1651,TBL,Orange Juice,1603.889147537,5887,7358.75,1.25,21.80%
40002021,TBL,Organic Brown Rice,1030.1826934111584,5232,7583.499999999999,1.449445718654434,13.58%
40002039,TBL,Plain Eggplant Fattah,710.2530199277472,1758,3420.3,1.9455631399317408,20.77%
40002499,TBL,quinoa for Create your own bowl,34.80310182495426,206,12.950000000000001,0.06286407766990292,268.75%
40002144,TBL,REGULAR  flavor Chicken Shawarma,5114.122833862344,29868,28353.7,0.9493002544529262,18.04%
40002148,TBL,regular flavor Beef Shawarma,6792.373815831499,20140,22145.2,1.099563058589871,30.67%
40002384,TBL,Regular Half Deboned Chicken Ramadan,68.4604627077639,104,514.8,4.949999999999999,13.30%
40002024,TBL,REGULAR Roasted Potato Fingers,4075.338992237186,29308,39546.9,1.3493551248805786,10.31%
40002502,TBL,Regular Whole Deboned Chicken for Create your own,479.6076603163597,430,430,1,111.54%
40002007,TBL,Roasted Potato Fingers,0,4643,2.7,0.0005815205685978893,0.00%
40002010,TBL,Roasted Pumpkin Soup,1266.4710916724848,7459,11561.45,1.55,10.95%
40002482,TBL,Shawerma Chicken Bowl deal,2192.0268333773615,4302,6453,1.5,33.97%
40002119,TBL,Shish Tawouk,24348.18518458696,36096,115494.4,3.1996453900709216,21.08%
40002109,TBL,Shish Tawouk,78.71307726813636,106,365.7,3.4499999999999997,21.52%
40002114,TBL,Shish Tawouk for Khishkhash Mangoo3,2285.4533754324207,2422,8349,3.4471511147811724,27.37%
40002106,TBL,Shish Tawouk for Tahini Mangoo3,769.8373516925685,982,3387.8999999999996,3.4499999999999997,22.72%
40002145,TBL,Spicy Flavor  Chicken Shawarma,2129.1451375879556,12295,11676.449999999999,0.9496909312728751,18.23%
40002149,TBL,Spicy Flavor Beef Shawerma,3090.947112695667,9800,10780,1.1,28.67%
40002035,TBL,Spicy Tabel™ Sauce,1119.60097020338,4129,6190.5,1.4992734318236862,18.09%
40002036,TBL,Spicy Tabel™ Sauce Large,425.69670818334,832,2282.5,2.743389423076923,18.65%
40002210,TBL,Spicy Tahini,768.3530038748731,1588,4367,2.75,17.59%
40002212,TBL,Spicy Tahini,214.235712417125,349,1081.9,3.1,19.80%
40002211,TBL,Spicy Tahini,1104.91041574617,1235,4631.25,3.75,23.86%
9409,TBL,Strawberry Flavor Carbonated Water,250.99418999999995,1509,905.4000000000001,0.6000000000000001,27.72%
40002410,TBL,T- 3.5 Deal Dummy,0,1942,6797,3.5,0.00%
40002413,TBL,T- El Classico,28.3947103,59,622.4499999999999,10.549999999999999,4.56%
40002385,TBL,T- Tawouk Herbs Ramadan Delight,22.09109886743599,38,197.6,5.2,11.18%
40002383,TBL,T- Tikka Ramadan Delight,82.44320282009038,67,415.4,6.199999999999999,19.85%
40002340,TBL,T.Deboned Chicken (Half)(Dummy),0,10748,32651.95,3.0379558987718647,0.00%
40002341,TBL,T.Deboned Chicken (Whole)(Dummy),0,6904,30060.350000000002,4.3540483777520285,0.00%
40002342,TBL,T.Deboned Chicken Family Box(Dummy),0,53,853.25,16.099056603773583,0.00%
40002418,TBL,T-1.5 KD Deal,17.043458609210106,132,198,1.5,8.61%
40002439,TBL,Tabboula,346.60499488600004,1520,2280,1.5,15.20%
40002017,TBL,Tabboulah,2351.4688242319,10222,15309.9,1.4977401682645275,15.36%
40002146,TBL,Tabel Tawouk Wrap (Regular),2621.9161180341803,14420,17265.600000000002,1.1973370319001388,15.19%
40002147,TBL,Tabel Tawouk Wrap (Spicy),1748.2860159621,9604,11493.6,1.1967513536026655,15.21%
40002122,TBL,Tabel™ Arayes,0,1149,5.5,0.004786771105308964,0.00%
40002041,TBL,Tabel™ Batata Harra,2874.080012457,8435,13907.85,1.6488263189093064,20.67%
40002022,TBL,Tabel™ Bread,497.09703579999996,9933,2979.2999999999997,0.29993959528843245,16.69%
40002055,TBL,Tabel™ Bread,153.69999999999996,3074,922.2000000000002,0.30000000000000004,16.67%
1648,TBL,Tabel™ Grape Leaves,5500.31030970362,24124,33768,1.3997678660255348,16.29%
40002013,TBL,Tabel™ Hummus,0,569,2.9,0.005096660808435852,0.00%
40002048,TBL,Tabel™ Hummus (With Bread),844.57494746319,3375,5906.25,1.75,14.30%
40002049,TBL,Tabel™ Hummus (Without Bread),930.4919406713161,4654,6748.299999999999,1.4499999999999997,13.79%
40002037,TBL,Tabel™ Sauce,1856.70530378656,7008,10509,1.4995719178082192,17.67%
40002176,TBL,Tabel™ Sauce - 150 Ml,43.41833038725,388,366.7,0.9451030927835051,11.84%
40002436,TBL,Tabel™ Sauce – 40 ML,78.7960126524,2684,890.4,0.33174366616989565,8.85%
40002026,TBL,Tabel™ Sauce- 40 ML,161.7777161012,5762,1728.6,0.3,9.36%
40002038,TBL,Tabel™ Sauce Large,402.84150157182006,803,2208.25,2.75,18.24%
40002170,TBL,Tabel™ Spicy Sauce - 150 Ml,76.19410500500001,640,607.9999999999999,0.9499999999999998,12.53%
40002437,TBL,Tabel™ Spicy Sauce – 40 ML,43.340961717999996,1412,423,0.29957507082152973,10.25%
40002426,TBL,Tabel™ Spicy Sauce- 40 ML,101.0017621256,1846,416.1,0.2254062838569881,24.27%
40002027,TBL,Tabel™ Spicy Sauce- 40 ML,240.2416028384,7890,2367,0.3,10.15%
40002196,TBL,Tabel™ Spicy Tahini- 150 ML,15.1785854255,107,101.64999999999999,0.95,14.93%
40002197,TBL,Tabel™ Spicy Tahini- 40 ML,75.43611186439999,1939,581.6999999999999,0.3,12.97%
40002199,TBL,Tabel™ Tahini- 150 Ml,89.3396001455,732,695.4,0.95,12.85%
40002198,TBL,Tabel™ Tahini- 40 ML,138.6517056568,4371,1311.3,0.3,10.57%
40003136,TBL,Tahina Maabouj,4.3717064748,81,32.4,0.39999999999999997,13.49%
40002081,TBL,Tahini sauce,3773.160417171498,6586,18111.5,2.75,20.83%
40002094,TBL,Tahini sauce,1032.9384209746127,1784,4906,2.75,21.05%
40002096,TBL,Tahini sauce,899.4087756810349,1301,4033.0999999999995,3.0999999999999996,22.30%
40002086,TBL,Tahini sauce,4625.32249493783,4710,17625,3.7420382165605095,26.24%
40002204,TBL,Tawook Coconut Curry Bowl,1800.90545321634,3223,9507.85,2.95,18.94%
40002068,TBL,Tawouk,1647.9931229733684,2220,6846.7,3.084099099099099,24.07%
40002167,TBL,Tawouk,275.31303749615336,129,1283.55,9.95,21.45%
40002057,TBL,Tawouk Brown Rice awesome bowls,4485.263955239071,6921,22500.100000000002,3.2509897413668547,19.93%
40002451,TBL,Tawouk Coconut Curry Bil Fern,1447.179959730493,1827,6387.5,3.496168582375479,22.66%
40002533,TBL,Tawouk for Maabouj Bil Fern,29.320365494952114,43,150.5,3.5,19.48%
40003125,TBL,Tawouk for Maabouj Rice Bowl,33.488046272233994,51,163.20000000000002,3.2,20.52%
40002177,TBL,Tawouk for Mangoo3 Goodness Box,221.35780809307894,90,1075.5,11.95,20.58%
40002074,TBL,Tawouk for Quinoa & Brown Rice Awesome Bowls,934.9533222286253,1342,4160.2,3.0999999999999996,22.47%
40002076,TBL,Tawouk Quinoa Awesome Bowls,1093.3525705818656,1485,5271.75,3.55,20.74%
40002375,TBL,Tawouk.,515.8686724229584,739,2291.5000000000005,3.1008119079837626,22.51%
40002387,TBL,T-Beef Arayis Ramadan Delight,29.07493897155008,33,156.75,4.75,18.55%
40002361,TBL,T-Beef Shawarma Brown Rice Bowl,1275.5778911748678,1783,5349,3,23.85%
40002378,TBL,T-Brown Rice &Quinoa,15.743297646101817,134,13.399999999999999,0.09999999999999999,117.49%
40002366,TBL,T-Chicken Shawarma Brown Rice Bowl,623.2583620097148,1366,3756.5,2.75,16.59%
40002356,TBL,T-Deboned Chicken Brown Rice Bowl,1139.067932322307,1309,3927,3,29.01%
40002350,TBL,T-Double Mix Deal(dummy),0,8662,17324,2,0.00%
40002203,TBL,Tenderloin Coconut Curry Bowl,2919.872555526465,3059,12083.05,3.9499999999999997,24.17%
40002123,TBL,Tenderloin Tikka,34575.685144103,27717,116411.40000000001,4.2,29.70%
40002450,TBL,The Shawarma Deal,0,131,393,3,0.00%
40002370,TBL,T-Herb Tawouk Mushroom BlL Fern,801.7215657748693,1012,3491.4,3.45,22.96%
40002415,TBL,T-Herbs Tawook  Bowl & Shawarma combo,94.07235479571706,177,840.75,4.75,11.19%
40002414,TBL,T-Herbs Tawook Brown Rice Bowl Tahini Combo 1,148.58340845568037,279,795.15,2.85,18.69%
40002389,TBL,T-Herbs Tawook Brown Rice coconut curry Ramadan,60.95181544476356,98,484.30000000000007,4.9418367346938785,12.59%
40002339,TBL,T-Herbs Tawook Brown Rice -Mushroom-Combo,48.27954604492406,71,14.2,0.19999999999999998,340.00%
40002113,TBL,Tikka,308.7127075421631,230,1023.4999999999999,4.449999999999999,30.16%
40002166,TBL,Tikka,294.7255282790695,80,1108,13.85,26.60%
40002065,TBL,Tikka Brown Rice Bowl,0,3799,22.9,0.0060279020794946035,0.00%
40002107,TBL,Tikka for  Mushroom Mangoo3,3583.40788355676,2373,10559.849999999999,4.449999999999999,33.93%
40002075,TBL,Tikka for  Quinoa & Brown Rice Awesome Bowls,3027.3950198570355,2801,10083.599999999999,3.5999999999999996,30.02%
40002056,TBL,tikka for Brown Rice awesome bowls,2848.8518040648623,2764,10211.999999999998,3.6946454413892904,27.90%
40002373,TBL,Tikka For Create your own bowl,1137.617685794434,895,3221.9999999999995,3.5999999999999996,35.31%
40002105,TBL,Tikka For Khishkhash Mangoo3 and Tahini Mangoo3,2137.43688949665,1586,7057.700000000001,4.45,30.29%
40003123,TBL,Tikka for Maabouj Rice Bowl,52.276507741280504,50,185.00000000000003,3.7000000000000006,28.26%
40002178,TBL,Tikka For Mangoo3 Goodness Box,229.4963158726923,52,777.4000000000001,14.950000000000001,29.52%
40002077,TBL,Tikka for Quinoa Awesome Bowls,593.0050595631666,526,2025.1000000000001,3.85,29.28%
40002374,TBL,T-Kabab 1,47.1373759115406,61,201.3,3.3000000000000003,23.42%
40002392,TBL,T-Kabab Brown Rice Bowll -khishkhash Ramadan,20.315157049784116,31,158.1,5.1,12.85%
40002386,TBL,T-Kabab Ramadan Delight,49.3247966125365,64,348.8,5.45,14.14%
40002367,TBL,T-Meat Ball khishkhash BlL Fern,257.7149485473305,341,1108.25,3.25,23.25%
40002369,TBL,T-Meat Ball Mushroom BlL Fern,482.661373332732,531,1831.95,3.45,26.35%
40002368,TBL,T-Meat Ball Tahina BlL Fern,539.9913388794752,704,2288,3.25,23.60%
40002381,TBL,T-MIX GRILLS Ramadan Delight,904.5203330625135,944,5616.8,5.95,16.10%
40002422,TBL,T-Mushroom Sauce For Create your own bowl,64.74470592939998,473,60.00000000000001,0.12684989429175478,107.91%
40002377,TBL,T-Quinoa,10.81221319,64,22.4,0.35,48.27%
40002382,TBL,T-Shish Tawouk Ramadan Delight,90.2817187061915,143,743.6,5.2,12.14%
40002213,TBL,T-Tawook Brown Rice Bowl &Spicy Tahini,225.22524666216,413,1135.75,2.75,19.83%
40002322,TBL,T-Tawook Brown Rice Bowl Khishkhash,310.32549737045093,557,1531.75,2.75,20.26%
40002332,TBL,T-Tawook Brown Rice Bowl -Mushroom-Combo,105.28707891705487,147,29.400000000000002,0.2,358.12%
40002391,TBL,T-Tawook Brown Rice Bowl -Tahini Ramadan,72.94289016068753,127,603.25,4.75,12.09%
40002371,TBL,T-Tawouk Coconut Curry BlL Fern,367.956915086012,485,1697.5,3.5,21.68%
40002351,TBL,T-The Shawarma Deal(dummy),0,933,2799,3,0.00%
40002352,TBL,T-The Wrap Deal(dummy),0,454,1135,2.5,0.00%
40002390,TBL,T-Tikka Brown Rice Bowl -Mushroom Ramadan,74.81947311208849,67,395,5.895522388059701,18.94%
40002061,TBL,Veggies awesome bowls,0,3110,28.799999999999997,0.009260450160771703,0.00%
40002130,TBL,Whole Grilled Chicken Regular,15.326183447382238,15,63.75,4.25,24.04%
40002132,TBL,Whole Grilled Chicken Spicy,7.627762435553443,7,29.75,4.25,25.64%
40002084,TBL,Without Sauce,711.0576643740352,1483,4078.25,2.75,17.44%
40002095,TBL,Without Sauce,334.802335733312,651,1790.25,2.75,18.70%
40002099,TBL,Without Sauce,275.24429199287164,466,1444.5999999999997,3.099999999999999,19.05%
40002088,TBL,Without Sauce,821.8902741770438,924,3465,3.75,23.72%
40002019,TBL,Yogurt Salad,1638.8241621575,9034,9032,0.9997786141244188,18.14%
2000242,YP,1.5KD Pasta Deal,0,4548,6822,1.5,0.00%
2000236,YP,1.5KD Pizza Deal,0,24413,36619.5,1.5,0.00%
1001090,YP,10 piecess (BBQ Chicken Wings),3596.0447632058704,6173,16167.75,2.619107403207517,22.24%
1001089,YP,10 piecess (Buffalo Chicken Wings),9702.327248011576,14881,37740.54999999999,2.5361568442980973,25.71%
2000286,YP,2KD Deal Yelo,0,213,426,2,0.00%
1631,YP,2Long Pizza,0,8728,17540,2.0096241979835012,0.00%
6004040,YP,2Long Pizza+small Wedges+3garlic bread(3.5KD Deal),0,835,2922.5,3.5,0.00%
2000188,YP,3*3 VERSION 2,0,6,18,3,0.00%
2000086,YP,3.5 KD Deal(Dummy),0,6066,21231,3.5,0.00%
2000287,YP,3.5KD Square Pizza,0,2235,7822.5,3.5,0.00%
501,YP,3x3x3 - Good for 3,0,1488,19344,13,0.00%
6004042,YP,3x3x3 - Good for 3.,0,2536,32968,13,0.00%
851,YP,4 for 4,0,70137,481055.3999999999,6.858796355703835,0.00%
2000283,YP,4 For 4 Square ( Dummy ),0,5454,21816,4,0.00%
729,YP,4 pcs BBQ Wings All for One - Good for 1,121.93257696818384,539,269.5,0.5,45.24%
730,YP,4 pcs Buffalo Wings All for One-1,195.47122640265664,670,335,0.5,58.35%
720,YP,4 piecess BBQ Wings,647.6753082531866,2932,1624.9,0.5541950886766712,39.86%
721,YP,4 piecess Buffalo Wings,1099.4795232874242,3938,2167.7999999999997,0.5504824784154393,50.72%
1500,YP,5 FOR 5,1038.5080813,8297,66831,8.054839098469326,1.55%
1377,YP,5 for 5 ( NY Pizza ),0,10830,66063,6.1,0.00%
1378,YP,5 for 5 (Square Pizza),18.544333639999998,147,735,5,2.52%
1001091,YP,6 piecess (Cheesy Garlic Bread),7470.254693284002,10590,15519,1.4654390934844193,48.14%
1001093,YP,6 piecess (Pepperoni Garlic Bread),1876.5951426922004,2347,4107.25,1.75,45.69%
1004005,YP,7UP CAN Yelo,673.86844917,8200,3440.3999999999996,0.419560975609756,19.59%
12,YP,7UP CAN Yelo Solo-1,567.52569646,7041,1395.8,0.19823888652180088,40.66%
13,YP,7up Zero Sugar,257.30451153,3136,548.8,0.175,46.88%
1004018,YP,7-Up Zero Sugar,260.16625421,3163,1343.0500000000002,0.42461270945305096,19.37%
1005058,YP,Add chicken for pink pasta,52.35030279,600,150,0.25,34.90%
2000140,YP,Alfredo Pasta (Half Portion),12083.9115502193,22633,22803.3,1.0075244112578978,52.99%
7000927,YP,All for One - Good for  1,2632.2265755280005,21273,62755.350000000006,2.95,4.19%
701,YP,All for One - Good for 1,1068.80555983,16453,48536.35,2.9499999999999997,2.20%
1003013,YP,Bacon Ranch,5263.907458432888,18645,10261.800000000001,0.5503781174577635,51.30%
1002001,YP,Baked Potato Wedges FP,1421.7753534790002,4957,7187.650000000001,1.4500000000000002,19.78%
1001927,YP,BBQ Chicken Wings 6 pcs,6509.533052069008,17248,15032.550000000001,0.8715532235621521,43.30%
1001108,YP,BBQ Chicken Wings-2,6043.31347415869,16486,18316.35,1.11102450564115,32.99%
1002971,YP,BBQ Ranch Sauce,86.49090513,1534,460.2,0.3,18.79%
1002021,YP,BBQ Ranch Sauce-1,198.64920531,3479,1043.7,0.3,19.03%
1001110,YP,Buffalo Chicken Wings 6 PCS,9482.30810147365,27171,32206.2,1.185315225792205,29.44%
1005030,YP,Buffalo Chicken.,0,41857,7445.099999999999,0.17786989034092265,0.00%
1001932,YP,Buffalo Mac ‘n Cheese,5586.356871628959,10432,19928.4,1.9103144171779143,28.03%
1003015,YP,Buffalo Ranch,2764.31698164,14742,8162.700000000001,0.5537037037037037,33.87%
2000148,YP,Buy 1 Get 1 Free,0,572,2145,3.75,0.00%
822,YP,Buy 1 Get 1 Free 2,0,5095,19338.75,3.7956329735034346,0.00%
6004045,YP,Cajun Chicken Pasta - For one for All Combo,628.5697674199998,1048,3353.6,3.1999999999999997,18.74%
2163022,YP,Cajun Chicken Pasta (Full Portion),1747.5005123055696,2946,8101.5,2.75,21.57%
6004046,YP,Carbonara Pasta - For one for All Combo,204.28810145,318,1017.6,3.2,20.08%
2163021,YP,Carbonara Pasta (Full Portion),863.1351266677101,1360,3740,2.75,23.08%
2000300,YP,Cheesy Crust combo ( Dummy ),0,1774,8781.300000000001,4.95,0.00%
2000151,YP,Cheesy Jalapeno Medium New,0,144,661.15,4.591319444444444,0.00%
2000214,YP,Cheesy Jalapeno Medium New  (Dummy ),0,940,4307.25,4.58218085106383,0.00%
2000152,YP,Cheesy Medium New,0,4928,22028.5,4.4700689935064934,0.00%
1002002,YP,Chicken Wings,11327.840816192493,31404,27333.149999999998,0.8703716087122659,41.44%
1006007,YP,Chilli Flakes,596.3946784332713,18084,2708.4,0.14976775049767752,22.02%
1003844,YP,Classic Crispy Chicken,0,16607,3101.1499999999996,0.18673752032275545,0.00%
1001930,YP,Cookie For Yelo,3157.7729632900005,16374,12006.250000000002,0.7332508855502627,26.30%
1001112,YP,Cookie For Yelo-1,38.95053427,194,164.9,0.85,23.62%
1002023,YP,Cool Ranch Sauce-1,1036.04551724,18623,5586.900000000001,0.30000000000000004,18.54%
2002920,YP,Cool Ranch Veggie Pizza (Dummy),0,1208,2416,2,0.00%
1309,YP,COUPLE FEAST,0,257,1156.5,4.5,0.00%
751,YP,Duo Combo,0,897,3543.1500000000005,3.9500000000000006,0.00%
1005033,YP,Duo Combo (Dummy,0,112,442.40000000000003,3.95,0.00%
999,YP,El Clasico - Barcelona,161.6723142957,132,1630.2000000000003,12.350000000000001,9.92%
998,YP,El Clasico - Real Madrid,139.5405759817,114,1407.8999999999999,12.35,9.91%
1001072,YP,Everything Slice,0,9,11.25,1.25,0.00%
1006001,YP,Extra Bacon,658.2311490178248,1981,990.5,0.5,66.45%
1006018,YP,Extra Black Olives,68.45111971178076,1378,689,0.5,9.93%
1006010,YP,Extra Buffalo Chicken,100.95030289729999,964,482,0.5,20.94%
1001104,YP,Extra Chili Flakes,12.891747438121431,566,56.6,0.1,22.78%
1006013,YP,Extra Green Capsicum,13.36556964225,458,229,0.5,5.84%
1006016,YP,Extra Meat Balls,55.30146709949999,952,476,0.5,11.62%
1006017,YP,Extra Mushroom,110.65621602205,1706,853,0.5,12.97%
1006005,YP,Extra Onion,4.230792336573333,798,399,0.5,1.06%
1006002,YP,Extra Pepperoni,1619.3298576450804,8312,4156,0.5,38.96%
1006014,YP,Extra Red Capsicum,7.475122795550001,156,78,0.5,9.58%
1006004,YP,Extra Shredded Mozzarella Cheese,206.66860160135,1028,514,0.5,40.21%
1001099,YP,Extra Yelo Green Capsicum,0.36804518466,19,9.5,0.5,3.87%
1001102,YP,Extra Yelo Jalapeno,44.314534779000006,1446,723,0.5,6.13%
1001103,YP,Extra Yelo Mushroom,0.02464216185,1,0.5,0.5,4.93%
1001101,YP,Extra Yelo olive,8.25405636115,369,184.5,0.5,4.47%
2000161,YP,Family 450g Baked Wedges-V1,525.4767862405,1015,103.35000000000002,0.10182266009852219,508.44%
1002004,YP,Garlic Bread,1553.6145122613334,9440,11466.5,1.2146716101694914,13.55%
1002010,YP,Garlic bread FMCG,10665.45971955,21536,39513.4,1.8347604011887073,26.99%
1001114,YP,Garlic Bread-1,2275.6048741556,13762,17797.3,1.2932204621421304,12.79%
2000155,YP,Group 1 - Good for 1,0,481,2645.5,5.5,0.00%
77,YP,Group 1 - Good for 2,0,5273,29001.5,5.5,0.00%
117,YP,Group 2 - Good for 2-3,0,3735,20542.5,5.5,0.00%
1005036,YP,Group 2 - Good for 2-3.,0,11272,61996,5.5,0.00%
151,YP,Group 3 - Good for 3-4,0,3616,23504,6.5,0.00%
201,YP,Group 4 - Good for 3,0,3744,22256,5.944444444444445,0.00%
1005038,YP,Group 4 - Good for 3 (Dummy,0,9339,60703.5,6.5,0.00%
351,YP,Group 6 - Good for 3-4,0,4071,28293.449999999997,6.949999999999999,0.00%
1005039,YP,Group 6 - Good for 3-4.,0,9609,66782.54999999999,6.949999999999998,0.00%
401,YP,Group 7 - Good for 2,0,1276,7592.200000000001,5.95,0.00%
1005040,YP,Group 7 - Good for 2.,0,3547,21104.649999999994,5.949999999999998,0.00%
2000902,YP,Half Large NY Supreme (Everything),1111.9250984083515,1820,1458.25,0.8012362637362638,76.25%
1003014,YP,Honey Mustard Ranch,3478.3201444500005,17759,9803.9,0.5520524804324568,35.48%
1630,YP,HOT WHEELS™ Kids' Meal chicken Chunk,1787.5904231200004,5003,9255.55,1.8499999999999999,19.31%
1626,YP,HOT WHEELS™ Kids' Meal Margarita,1547.3599277209,17423,26134.5,1.5,5.92%
1629,YP,HOT WHEELS™ Kids' Meal Pepperoni,632.6215462264001,7207,10810.5,1.5,5.85%
2000233,YP,HOT WHEELS™ Kids' Pan Meal Margherita Pizza,1814.8414184251399,11953,17773.5,1.4869488831255753,10.21%
89,YP,Kinza Citrus Solo 1 - Good For 1,152.28030925,2422,209.3,0.08641618497109826,72.76%
87,YP,Kinza Cola Solo 1 - Good For 1,369.31205916,5912,588.35,0.09951792963464141,62.77%
1003837,YP,Kinza Diet Cola,510.16955635,8253,737.1,0.08931297709923665,69.21%
88,YP,Kinza Diet Cola Solo 1 - Good For 1,314.74453624,5036,458.8499999999999,0.09111397934868942,68.59%
1003838,YP,Kinza Diet Lemon,135.18964508,2139,831.3499999999999,0.3886629266012155,16.26%
1003840,YP,Kinza Lemon,70.685365,1125,488.15000000000003,0.43391111111111114,14.48%
1003839,YP,Kinza Orange,111.59681639,1801,182.70000000000002,0.1014436424208773,61.08%
90,YP,Kinza Orange Solo 1 - Good For 1,60.536308619999986,960,98.35000000000004,0.10244791666666671,61.55%
1001095,YP,Large,9891.96351633975,18540,36153,1.95,27.36%
1003011,YP,Large BBQ Ranch,2385.04063426,13924,5768.4000000000015,0.41427750646365996,41.35%
1003009,YP,Large Cool Ranch,6536.862345323499,36263,19828.600000000002,0.5467997683589334,32.97%
1002028,YP,Large Cool Ranch Drizzle,3.3341813335999997,102,30.6,0.3,10.90%
1002026,YP,Large Ghost Pepper Drizzle,0.39892823,10,2.9999999999999996,0.29999999999999993,13.30%
2000905,YP,Large Half and Half,0,6938,34343.1,4.95,0.00%
1002030,YP,Large Ketchup Drizzle,0.4534119239,23,6.899999999999999,0.29999999999999993,6.57%
2000213,YP,Large NY Alfredo  Chicken Pizza,1560.6201496813894,1287,2897.25,2.251165501165501,53.87%
2000146,YP,Large NY Alfredo Pizza,104.6180850698093,115,361,3.139130434782609,28.98%
1001929,YP,Loaded Wedges,8196.539101492439,17433,32251.050000000003,1.85,25.41%
1001116,YP,Loaded Wedges-1,132.9794531385,274,506.90000000000003,1.85,26.23%
1492,YP,Long Pizza & Drink,340.00580678000006,9597,19194,2,1.77%
1493,YP,Long Pizza & Garlic Bread,1761.5685907382997,10930,21860,2,8.06%
1491,YP,Long Pizza & Wedges,5381.800346581,35774,71548,2,7.52%
2000284,YP,Long Pizza ( Dummy ),0,53,106,2,0.00%
1001931,YP,Mac ‘n Cheese,9679.3700263833,22781,41328.45,1.8141631183881304,23.42%
2000027,YP,Margherita Pizza (Thin - Pan - NY)Dummy,0,95624,17580.7,0.18385238015560948,0.00%
1001057,YP,Margherita Slice,140.01589115543553,1103,1103,1,12.69%
1000747,YP,Meat Lovers,0,9969,3290.4999999999995,0.33007322700371144,0.00%
1001105,YP,Medium Baked Wedges,11781.40422148027,43403,43063.950000000004,0.9921883279957607,27.36%
2000138,YP,Medium Cheesy Crust  Pepperoni,663.1099838118502,576,1921.15,3.335329861111111,34.52%
2000215,YP,Medium Cheesy Crust  Pepperoni pizza,1341.2059269817498,1159,1635.6,1.4112165660051768,82.00%
2000098,YP,Medium Cheesy Crust Buffalo Chicken,260.09077389925,249,134.25,0.5391566265060241,193.74%
2000145,YP,Medium Cheesy Crust Chicken Alfredo,87.57763976689368,75,56.25,0.75,155.69%
2000139,YP,Medium Cheesy Crust Classic Crispy Chicken,95.87467950559999,92,54.75,0.595108695652174,175.11%
2000101,YP,Medium Cheesy Crust Classic Pepperoni Pizza,3511.1285431768674,3191,231,0.07239109996866186,1519.97%
2000103,YP,Medium Cheesy Crust Margherita Pizza,3343.6657008796997,3517,200.25,0.056937731020756326,1669.75%
2000104,YP,Medium Cheesy Crust Meat Lovers,142.66767992313,125,59.25,0.474,240.79%
2000108,YP,Medium Cheesy Crust Mushroom Truffle,144.56926703035,136,54.75,0.4025735294117647,264.05%
2000109,YP,Medium Cheesy Crust Peri Peri Ranch Chicken,115.45829701279999,98,58.5,0.5969387755102041,197.36%
2000112,YP,Medium Cheesy Crust Pesto Pizza,153.59050273761002,150,19.5,0.13,787.64%
2000113,YP,Medium Cheesy Crust Ranch Supreme,105.06743404980001,91,52.5,0.5769230769230769,200.13%
2000115,YP,Medium Cheesy Crust Soho Pizza,895.9610748176,733,53.25,0.07264665757162346,1682.56%
2000116,YP,Medium Cheesy Crust Spicy Chipotle Bacon,62.04786126380001,48,27,0.5625,229.81%
2000118,YP,Medium Cheesy Crust Spicy Crispy Chicken,44.8522105586,42,23.25,0.5535714285714286,192.91%
2000134,YP,Medium Cheesy Crust Spicy Honey Pepperoni,160.74571230408003,144,70.5,0.4895833333333333,228.01%
2000135,YP,Medium Cheesy Crust Supreme Everything,194.18326720985002,173,83.25,0.48121387283236994,233.25%
2000137,YP,Medium Cheesy Crust Veggie Pizza,667.5472724884501,623,51.75,0.08306581059390049,1289.95%
2000099,YP,Medium Cheesy Jalapeno Crust  Pepperoni,41.26466976185,35,14.449999999999998,0.4128571428571428,285.57%
2000133,YP,Medium Cheesy Jalapeno Crust Buffalo Chicken,57.40252871007001,53,26.350000000000016,0.497169811320755,217.85%
2000222,YP,Medium Cheesy Jalapeno Crust Buffalo Chicken Pizza,156.23824603564,138,1.1,0.007971014492753625,14203.48%
2000143,YP,Medium Cheesy Jalapeno Crust Chicken Alfredo,13.183505376638731,11,9.349999999999998,0.8499999999999998,141.00%
2000208,YP,Medium Cheesy Jalapeno Crust Chicken Alfredo-S1,1.28826219,1,0.1,0.1,1288.26%
2000272,YP,Medium Cheesy Jalapeno Crust Classic  Pepperoni Pizza-S1,204.81532371481669,177,1.6000000000000003,0.009039548022598872,12800.96%
2000132,YP,Medium Cheesy Jalapeno Crust Classic Crispy Chicken,5.5609734011,5,4.25,0.85,130.85%
2000231,YP,Medium Cheesy Jalapeno Crust Classic Crispy Chicken Pizza,15.6418434968,14,0.2,0.014285714285714287,7820.92%
2000131,YP,Medium Cheesy Jalapeno Crust Classic pepperoni Pizza,59.213971311950004,53,28.9,0.5452830188679245,204.89%
2000129,YP,Medium Cheesy Jalapeno Crust Margherita Pizza,669.51869122449,676,26.150000000000002,0.038683431952662724,2560.30%
2000127,YP,Medium Cheesy Jalapeno Crust Meat Lovers,24.75502695787,21,16.15,0.769047619047619,153.28%
2000229,YP,Medium Cheesy Jalapeno Crust Meat Lovers Pizza,18.10723625584,15,0.2,0.013333333333333334,9053.62%
2000126,YP,Medium Cheesy Jalapeno Crust Mushroom Truffle,18.733177519450003,17,8.499999999999998,0.4999999999999999,220.39%
2000230,YP,Medium Cheesy Jalapeno Crust Mushroom Truffle  Pizza,36.354756142629995,31,0.4,0.012903225806451613,9088.69%
2000226,YP,Medium Cheesy Jalapeno Crust Pepperoni Pizza,25.2084595818,21,0.1,0.004761904761904762,25208.46%
2000125,YP,Medium Cheesy Jalapeno Crust Peri Peri Ranch Chicken,25.438603994710007,21,12.749999999999998,0.6071428571428571,199.52%
2000225,YP,Medium Cheesy Jalapeno Crust Peri Peri Ranch Chicken Pizza,104.47612927866,82,0.7,0.008536585365853657,14925.16%
2000124,YP,Medium Cheesy Jalapeno Crust Pesto Pizza,8.45667227107,8,3.4,0.425,248.73%
2000123,YP,Medium Cheesy Jalapeno Crust Ranch Supreme,11.93230829635,10,5.949999999999999,0.595,200.54%
2000227,YP,Medium Cheesy Jalapeno Crust Ranch Supreme Pizza,23.6560386081,19,0.2,0.010526315789473684,11828.02%
2000121,YP,Medium Cheesy Jalapeno Crust Soho Pizza,269.5101970629,214,27.600000000000005,0.12897196261682245,976.49%
2000120,YP,Medium Cheesy Jalapeno Crust Spicy Chipotle Bacon,42.28124581575,32,10.2,0.31875,414.52%
2000270,YP,Medium Cheesy Jalapeno Crust Spicy Chipotle Bacon piza,16.0066789427,12,0.4,0.03333333333333333,4001.67%
2000119,YP,Medium Cheesy Jalapeno Crust Spicy Crispy Chicken,22.081084431049998,20,14.449999999999998,0.7224999999999999,152.81%
2000224,YP,Medium Cheesy Jalapeno Crust Spicy Crispy Chicken Pizza,54.886289494799996,48,0.7,0.014583333333333332,7840.90%
2000117,YP,Medium Cheesy Jalapeno Crust Spicy Honey Pepperoni,69.69289667279,60,34.85,0.5808333333333333,199.98%
2000221,YP,Medium Cheesy Jalapeno Crust Spicy Honey Pepperoni  Pizza,168.2649161199,140,0.9999999999999999,0.007142857142857142,16826.49%
2000111,YP,Medium Cheesy Jalapeno Crust Supreme Everything,29.012510353200003,25,12.749999999999996,0.5099999999999999,227.55%
2000223,YP,Medium Cheesy Jalapeno Crust Supreme Everything Pizza,146.0638201323,120,0.7999999999999999,0.006666666666666666,18257.98%
2000105,YP,Medium Cheesy Jalapeno Crust Veggie Pizza,181.74478398526668,164,13.049999999999999,0.0795731707317073,1392.68%
1002029,YP,Medium Cool Ranch Drizzle,8.8996226696,406,81.74999999999999,0.20135467980295563,10.89%
1002027,YP,Medium Ghost Pepper Drizzle,2.1996962558,83,16.6,0.2,13.25%
2000899,YP,Medium Half and Half,680.1087305933335,8511,33618.45,3.9499999999999997,2.02%
1002031,YP,Medium Ketchup Drizzle,0.4262709568,32,6.450000000000001,0.20156250000000003,6.61%
2000176,YP,Medium NY Alfredo,3.3589911404966544,5,18.75,3.75,17.91%
2,YP,Medium NY Buffalo Chicken Solo-1,12011.323256614658,21229,9611.25,0.4527415328088935,124.97%
3,YP,Medium NY Everything Solo-1,5338.4063322812535,8339,382.5,0.04586880920973738,1395.66%
4,YP,Medium NY Margherita Solo-1,18345.977245143007,41015,16327.5,0.3980860660733878,112.36%
5,YP,Medium NY Pepperoni Solo-1,12438.080663138062,18726,10267.5,0.5483018263377123,121.14%
6,YP,Medium NY Pesto Solo-1,2139.410965356867,4067,1098.75,0.270162281780182,194.71%
7,YP,Medium NY Soho Solo-1,8156.361222734833,11335,6183.75,0.5455447728275253,131.90%
8,YP,Medium NY Veggie Solo-1,4119.510235076631,7485,2505,0.3346693386773547,164.45%
73,YP,Mineral Water Group-1,351.36514814000003,10124,1102.25,0.10887495061240617,31.88%
18,YP,MIRINDA CAN Solo-1,213.95796546,2691,549.85,0.20432924563359348,38.91%
1004009,YP,MIRINDA CAN Yelo,280.22025618000004,3419,1445.15,0.4226820707809301,19.39%
2000085,YP,Mushroom Truffle.,0,8910,3747.6499999999996,0.4206116722783389,0.00%
1001028,YP,New York Large (Classic) 8,14470.849675404848,10990,33006.75,3.003343949044586,43.84%
2000896,YP,New York Large (Classic) Classic Crispy Chicken,1100.2071319501836,1087,3142.25,2.890754369825207,35.01%
2000897,YP,New York Large Spicy Crispy Chicken,651.28722898705,628,1822,2.9012738853503186,35.75%
1001038,YP,New York Medium (Classic) 18,15802.310522019654,25927,23745,0.9158406294596366,66.55%
1001039,YP,New York Medium (Classic) 2,7583.553631980034,10990,10278.75,0.9352820746132848,73.78%
1001040,YP,New York Medium (Classic) 3,22045.315775228162,47642,39857.8,0.8366105537131103,55.31%
1001041,YP,New York Medium (Classic) 4,5383.024362693939,7946,24262.5,3.0534231059652654,22.19%
1001043,YP,New York Medium (Classic) 6,5711.365222918799,9910,7312.5,0.737891019172553,78.10%
2000071,YP,New York Medium (Classic) 7,7356.530903929864,10438,2568.75,0.24609599540141788,286.39%
1001058,YP,New York Medium (Classic) 7,2556.2972336958064,4623,3142.5,0.6797534068786503,81.35%
1001042,YP,New York Medium (Classic) 8,9424.521046023905,12730,14865,1.1677140612725845,63.40%
2000142,YP,New York Medium (Classic) 9,8871.213494630389,12282,5017.5,0.40852467024914507,176.81%
2000893,YP,New York Medium (Classic) Classic Crispy Chicken,4647.453265048936,8329,5647.5,0.6780525873454196,82.29%
2000894,YP,New York Medium Spicy Crispy Chicken,2789.87169918141,4788,3142.5,0.656328320802005,88.78%
1001025,YP,NY Buffalo Chicken,3650.6582770110595,4133,13686.75,3.311577546576337,26.67%
52,YP,NY Buffalo Chicken Group-1,1197.95481392287,1353,5011.25,3.7038063562453805,23.91%
1001026,YP,NY Everything,3234.8951619393997,2619,8279.75,3.1614165712103857,39.07%
53,YP,NY Everything Group-1,243.708448605,206,275.5,1.337378640776699,88.46%
2000003,YP,NY Large ( Classic Pepperoni),1152.1977449936,1080,5130,4.75,22.46%
84,YP,NY Large Classic Crispy Chicken G-1,319.42176343654995,330,1154.25,3.4977272727272726,27.67%
1000735,YP,NY Large Meat Lovers,1006.08804305021,815,1894,2.323926380368098,53.12%
78,YP,NY Large MeatLover  Group 1 - Good for 2,269.17684500546,223,783.75,3.5145739910313902,34.34%
2000074,YP,NY Large Ranch Supreme,1104.9676114266,861,2203.5,2.559233449477352,50.15%
85,YP,NY Large Spicy Crispy Chicken G-1,188.2833289608,188,655.5,3.4867021276595747,28.72%
2000175,YP,Ny LARGE Truffle Pizza,60.89447823094001,68,18,0.2647058823529412,338.30%
2000022,YP,NY LRG (Classic) Peri Peri Ranch Chicken Pizza,1846.4210893705006,1430,3563.75,2.492132867132867,51.81%
2000014,YP,NY LRG (Classic) Spicy Chipotle Bacon Pizza,1269.3432360448833,887,2356.75,2.656989853438557,53.86%
2000018,YP,NY LRG (Classic) Spicy Honey Pepperoni Pizza,4474.9762072909325,3653,9641.25,2.6392690938954284,46.41%
1001027,YP,NY Margherita,10184.644557295745,11964,34264.75,2.863987796723504,29.72%
54,YP,NY Margherita Group-1,3205.0685470440994,3922,12303.75,3.137111167771545,26.05%
2000021,YP,NY Med (Classic) Peri Peri Ranch Chicken,7119.257723723683,9430,3585,0.38016967126193,198.58%
2000013,YP,NY Med (Classic) Spicy Chipotle Bacon Piz,3443.03194289699,4283,2096.25,0.4894349754844735,164.25%
2000017,YP,NY Med (Classic) Spicy Honey Pepperoni Pizza,9432.024401620365,14479,8572.5,0.5920643690862628,110.03%
2000002,YP,NY Medium ( Classic Pepperoni),39405.144532036706,66980,27048.75,0.4038332338011347,145.68%
47,YP,NY Medium Classic Crispy Chicken Solo 1,5804.665372277993,10312,2561.25,0.2483756788207913,226.63%
879,YP,NY Medium Classic Pepperoni 4 for 4,47241.493703331485,77893,16375.1,0.21022556584031943,288.50%
1000736,YP,NY Medium Meat Lovers,3945.49233971828,5898,3075,0.5213631739572736,128.31%
1424,YP,Ny Medium Peri Peri Ranch Chicken 5 For 5 ( Ny Piz),10041.408857950088,14027,1725,0.12297711556284309,582.11%
1422,YP,Ny Medium Spicy Chipotle Bacon 5 For 5 ( Ny Pizza),4677.679656131941,5917,1046.25,0.17682102416765252,447.09%
1423,YP,NY Medium Spicy Honey Pepperoni 5 For 5 ( Ny Pizza),8685.70086227284,13614,4072.5,0.29914059056853237,213.28%
2000076,YP,Ny Medium Truffle Pizza,11898.783114820018,20062,13602.25,0.6780106669325092,87.48%
55,YP,NY Pepperoni Group-1,4927.7361057094995,3925,13694.25,3.4889808917197453,35.98%
1001006,YP,NY Pesto,637.6080644856701,664,1971.5,2.9691265060240966,32.34%
58,YP,NY Pesto Group-1,184.85123145493998,213,788.5,3.7018779342723005,23.44%
1001029,YP,NY Soho,6182.378768463133,4060,15269.9,3.7610591133004925,40.49%
56,YP,NY Soho Group-1,2452.7015899808002,1653,5613.299999999999,3.3958257713248634,43.69%
1001030,YP,NY Veggie,1378.7202173287142,1296,4260,3.287037037037037,32.36%
57,YP,NY Veggie Group-1,526.1318934898,523,1904.75,3.6419694072657744,27.62%
48,YP,NY  Medium Spicy Crispy Chicken Solo 1,3035.2195755418866,5170,1083.75,0.2096228239845261,280.07%
1506,YP,One for All,0,14892,102139.79999999997,6.858702659145848,0.00%
1005045,YP,One for All.,0,30852,242215.39999999997,7.85088162841955,0.00%
28,YP,Pan Buffalo Chicken Solo-1,2182.2417719515092,3594,1987.5,0.5530050083472454,109.80%
29,YP,Pan Everything Solo-1,912.9346340770163,1314,131.25,0.09988584474885845,695.57%
30,YP,Pan Margherita Solo-1,4311.24468602867,7684,3727.5,0.4850989068193649,115.66%
2000160,YP,Pan Medium 15,3791.8412239928093,5148,2692.5,0.5230186480186481,140.83%
609,YP,Pan Medium 17,787.2306474328999,632,798.75,1.2638449367088607,98.56%
100001,YP,Pan Medium Buffalo Chicken Pizza,4650.005767339238,7326,4672.5,0.6377968877968878,99.52%
2000890,YP,Pan Medium Classic Crispy Chicken,1764.1651677460168,2933,2047.5,0.698090692124105,86.16%
50,YP,Pan Medium Classic Crispy Chicken Solo 1,1067.85060877881,1747,828.75,0.47438465941614194,128.85%
100002,YP,Pan Medium Everything Pizza,3134.354330487036,4274,3405,0.7966775854000936,92.05%
100004,YP,Pan Medium Margherita Pizza,8472.25115920608,15046,10143,0.6741326598431476,83.53%
1000737,YP,Pan Medium Meat Lovers,1386.8365879561431,1842,903.75,0.49063517915309446,153.45%
119,YP,Pan Medium MeatLover  Group 2 - Good for 2-3,220.70570807,253,25.3,0.1,872.35%
37,YP,Pan Medium MeatLover  Solo 1 - Good for 1,471.13817716008003,591,266.25,0.45050761421319796,176.95%
100007,YP,Pan Medium Pepperoni Pizza,8444.059124620739,13907,7893.75,0.5676098367728482,106.97%
2000020,YP,Pan Medium Peri Peri Ranch Chicken Pizza,3154.63115396419,3977,2257.5,0.5676389238119185,139.74%
100005,YP,Pan Medium Pesto Pizza,509.80748458592,883,532.5,0.6030577576443941,95.74%
1000730,YP,Pan Medium Soho Pizza,1294.84974645631,1655,1511.25,0.9131419939577039,85.68%
2000012,YP,Pan Medium Spicy Chipotle Bacon Pizza,960.41383207584,1143,682.5,0.5971128608923885,140.72%
2000891,YP,Pan Medium Spicy Crispy Chicken,1242.11683924088,1990,1110,0.5577889447236181,111.90%
79,YP,Pan Medium Spicy Crispy Chicken Solo 1,647.5991699856169,1020,408.75,0.4007352941176471,158.43%
2000016,YP,Pan Medium Spicy Honey Pepperoni Pizza,2362.6942940925,3446,2433.75,0.70625362739408,97.08%
100003,YP,Pan Medium Veggie Pizza,2159.986490783957,3501,1976.25,0.5644815766923736,109.30%
464,YP,Pan Pepperoni 2x2x2,4080.9738039683803,6713,9892,1.4735587665723224,41.26%
264,YP,Pan Pepperoni S-2,3572.0421259717064,5881,2910,0.4948138071756504,122.75%
246,YP,Pan Peri Peri Ranch Chicken Solo 1,1667.2726682045202,2254,1098.75,0.4874667258207631,151.74%
33,YP,Pan Pesto Solo-1,301.79520672544,526,240,0.45627376425855515,125.75%
2000072,YP,Pan Ranch Supreme,2647.9694973434503,3505,993.75,0.2835235378031384,266.46%
32,YP,Pan Soho Solo-1,938.0519729406401,1222,753.75,0.6168166939443536,124.45%
150,YP,Pan Spicy Chipotle Bacon Solo 1,637.30905679916,784,401.25,0.5117984693877551,158.83%
245,YP,Pan Spicy Honey Pepperoni Solo 1,1086.7402016525966,1625,888.75,0.546923076923077,122.28%
2000268,YP,Pan Truffle Mushroom,671.1028284871302,985,1672.5,1.6979695431472082,40.13%
34,YP,Pan Veggie Solo-1,977.4663665589629,1641,821.25,0.5004570383912249,119.02%
2151028,YP,Pepperoni Cheezy Crust,310.79937609999996,256,1165.6500000000003,4.553320312500001,26.66%
2151046,YP,Pepperoni Cheezy Crust 17,1323.99792414,883,1058.75,1.1990373725934316,125.05%
1001928,YP,Pepperoni Garlic Bread,1094.8041208956,4768,6913.600000000001,1.4500000000000002,15.84%
1521,YP,Pepperoni Garlic Bread One for All,190.3891789916,941,1362.9999999999998,1.4484590860786395,13.97%
1001118,YP,Pepperoni Garlic Bread-1,48.42698264408,211,305.94999999999993,1.4499999999999997,15.83%
1001056,YP,Pepperoni slice,168.3167095080184,842,1052.5,1.25,15.99%
19,YP,PEPSI CAN Solo-1,1857.0022388500001,22666,5756.799999999999,0.2539839407041383,32.26%
1004001,YP,PEPSI CAN Yelo,4032.41765929,48939,14318.300000000001,0.2925744293916917,28.16%
1004003,YP,PEPSI DIET CAN,1613.4102558100003,19611,8282.75,0.4223522512875427,19.48%
20,YP,PEPSI DIET CAN Solo-1,1104.34826276,13822,3399.8999999999996,0.24597742728982777,32.48%
21,YP,PEPSI ZERO Solo-1,578.8387389399999,7037,1435.35,0.2039718630098053,40.33%
1004017,YP,PEPSI ZERO Yelo,1333.0564315500003,16198,3504.3499999999995,0.216344610445734,38.04%
2000025,YP,Peri Peri Ranch Chicken Pizza(dummy),0,18608,3570.8,0.19189595872742907,0.00%
2000028,YP,Pesto Pizza (Thin - Pan - NY)Dummy,0,8359,1031.3,0.12337600191410455,0.00%
1003010,YP,Pesto Ranch,1399.4289656833334,6312,819,0.12975285171102663,170.87%
1002022,YP,Pesto Ranch Sauce-1,205.44524392,2339,701.7000000000002,0.30000000000000004,29.28%
1002019,YP,Pesto Ranch(Dummy),0,7140,1103.3,0.1545238095238095,0.00%
6004044,YP,Pink Pasta - For One for all Combo,302.75313890999996,828,2442.6,2.9499999999999997,12.39%
2163020,YP,Pink Pasta (Full Portion),1317.60932511308,3786,9465,2.5,13.92%
1001061,YP,Pizza Margarita (11 Inch),3813.18501648,9122,16294.476,1.7862832712124534,23.40%
1001017,YP,Pizza Margarita CMM COOP (PA),3719.08930407,7385,16466.676,2.229746242383209,22.59%
1001009,YP,Pizza Margarita Slice FP,20.26498927,147,147,1,13.79%
1001064,YP,Pizza Mexican (11 inch),356.1009978,428,1155.892,2.7006822429906543,30.81%
1001062,YP,Pizza Pepperoni (11 inch),4348.50210398,7096,15919.168,2.243400225479143,27.32%
1001018,YP,Pizza Peppronie CMM COOP (PA),4888.42291353,6437,17324.706000000002,2.691425508777381,28.22%
1001063,YP,Pizza Spinach (11 inch),103.14401346,210,473.788,2.2561333333333335,21.77%
2000179,YP,Ramadan Feast ( Dummy ),0,1371,13024.5,9.5,0.00%
2000186,YP,Ramadan Solo Meal,0,2249,8433.75,3.75,0.00%
2000087,YP,Ranch Supreme(Dummy),0,10849,3700.1499999999996,0.34105908378652405,0.00%
1003002,YP,Regular Cool Ranch,2431.6342671352727,44603,13380.900000000001,0.30000000000000004,18.17%
1003007,YP,Regular Pesto Ranch,551.1006757700001,6380,1914.0000000000005,0.30000000000000004,28.79%
325,YP,SHANI CAN G-5,0.08242433,1,13,13,0.63%
22,YP,SHANI CAN Solo-1,377.64133856000007,4588,842.4499999999999,0.18362031386224933,44.83%
1004011,YP,SHANI CAN Yelo,840.2634984399999,10230,2015.65,0.1970332355816227,41.69%
1002972,YP,Skinny Ranch,3821.380091836,12961,7191.4,0.554849162873235,53.14%
1001094,YP,Small 150g Baked Wedges,1347.1198387369998,11725,11138.749999999996,0.9499999999999997,12.09%
1653,YP,Small NY Margarita,1230.710930538725,7696,9669,1.2563669438669438,12.73%
1654,YP,Small NY Pepperoni,1951.6160113375201,9841,7110,0.7224875520780408,27.45%
1655,YP,Small Pan Pepperoni,2870.410527430279,15267,7305,0.47848300255452936,39.29%
2000029,YP,Soho Pizza (Thin - Pan - NY)Dummy,0,23942,4132.400000000001,0.17260045109013453,0.00%
35,YP,Solo 1 - Good for 1,0,15213,60091.350000000006,3.95,0.00%
1005049,YP,Solo 1 - Good for 1.,0,28893,114127.35,3.95,0.00%
251,YP,Solo 2 - Good for 1-2,0,5892,27397.8,4.6499999999999995,0.00%
1005050,YP,Solo 2 - Good for 1-2.,0,7767,36116.55,4.65,0.00%
651,YP,Solo 4 - Good for 1,0,3600,16200,4.5,0.00%
1005051,YP,Solo 4 - Good for 1.,0,7366,33147,4.5,0.00%
2000023,YP,Spicy Chipotle Bacon Pizza(dummy),0,7921,1270.8,0.16043428859992426,0.00%
1005053,YP,Spicy Crispy Chicken.,0,9161,1791.3500000000001,0.19554087981661392,0.00%
1005054,YP,Spicy Honey Pepperoni Pizza.,0,27071,6172.599999999999,0.22801521923829926,0.00%
1003008,YP,Spicy Ranch,3980.2221934800004,20826,11394.000000000002,0.5471045808124461,34.93%
1002032,YP,Spicy Ranch Drizzling for NY Large,1.4813663382,44,13.200000000000003,0.30000000000000004,11.22%
1002033,YP,Spicy Ranch Drizzling for NY medium,3.8517964768000006,172,34.9,0.20290697674418604,11.04%
1003003,YP,Spicy Ranch Sauce,1351.212259226,23037,6911.099999999999,0.3,19.55%
1002024,YP,Spicy Ranch Sauce-1,564.9384936610002,9560,2868,0.3,19.70%
2005052,YP,Spicy Ranch Veggie Pizza (Dummy),0,1158,2316,2,0.00%
1005034,YP,Supreme (Everything).,0,20660,7271.95,0.3519820909970958,0.00%
2000011,YP,Thin Crust Medium (New) 8,1228.0271587727084,1416,2568.75,1.8140889830508475,47.81%
2000144,YP,Thin Crust Medium (New) 9,2278.8347061709396,3239,4710,1.4541525162087063,48.38%
1901005,YP,Thin Crust Medium (New) Classic Crispy Chicken,1807.6538400722666,2932,5816.25,1.9837141882673943,31.08%
2000019,YP,Thin Crust Medium (New) Peri Peri Ranch Chicken Pi,2369.78087319958,2901,5118.75,1.764477766287487,46.30%
1907086,YP,Thin Crust Medium (New) Spicy Crispy Chicken,1073.120275110383,1674,2955,1.7652329749103943,36.32%
2000015,YP,Thin Crust Medium (New) Spicy Honey Pepperoni Pizz,4635.671269470517,6571,10462.5,1.5922234058742961,44.31%
1000743,YP,Thin Crust Medium Buffalo Chicken,3762.4818516953587,5701,10770,1.8891422557446063,34.93%
39,YP,Thin Crust Medium Buffalo Chicken Solo-1,1344.8386854843548,2166,3963.75,1.8299861495844876,33.93%
81,YP,Thin Crust Medium Classic Crispy Chicken Solo 1,765.4617397184,1279,2501.25,1.955629397967162,30.60%
1000738,YP,Thin Crust Medium Classic Pepperoni,6875.889879971617,10927,16125,1.47570238857875,42.64%
1000741,YP,Thin Crust Medium Everything,3006.490447273105,3998,7421.25,1.8562406203101551,40.51%
40,YP,Thin Crust Medium Everything Solo-1,992.6792752116999,1429,2238.75,1.5666550034989504,44.34%
1000745,YP,Thin Crust Medium Margharita,6965.284989823033,13289,21889,1.647151779667394,31.82%
41,YP,Thin Crust Medium Margharita Solo-1,2670.2093763043495,5379,8039.5,1.4946086633203197,33.21%
1000740,YP,Thin Crust Medium Meat Lovers,1415.5104886522035,1923,2403.75,1.25,58.89%
42,YP,Thin Crust Medium Meat Lovers Solo-1,383.96778946866004,544,787.5,1.447610294117647,48.76%
375,YP,Thin Crust Medium Pepperoni G-6,2632.7974126487998,4325,6228.75,1.4401734104046242,42.27%
1000744,YP,Thin Crust Medium Pesto,879.90509601648,1465,2201.25,1.5025597269624573,39.97%
376,YP,Thin Crust Medium Pesto G-6,353.49926328999993,602,926.25,1.5386212624584719,38.16%
1000742,YP,Thin Crust Medium Soho,3560.4688182785835,4444,7530,1.6944194419441945,47.28%
377,YP,Thin Crust Medium Soho G-6,1361.5323065702,1774,2831.25,1.5959695603156707,48.09%
82,YP,Thin Crust Medium Spicy Crispy Chicken Solo 1,391.14153243525004,624,1050,1.6826923076923077,37.25%
1000746,YP,Thin Crust Medium Veggie,2923.632424388226,4571,8745,1.9131481076350907,33.43%
378,YP,Thin Crust Medium Veggie G-6,1060.1214525551463,1769,3142.5,1.7764273600904465,33.73%
249,YP,Thin Crust Peri Peri Ranch Chicken Solo 1,877.38098077023,1138,2328.75,2.0463532513181018,37.68%
2000073,YP,Thin Crust Ranch Supreme,1544.3358301618002,1918,2643.75,1.3783889468196038,58.41%
247,YP,Thin Crust Spicy Chipotle Bacon Solo 1,537.6607637559,642,1305,2.032710280373832,41.20%
248,YP,Thin Crust Spicy Honey Pepperoni Solo 1,1726.2924714403503,2527,4267.5,1.688761377127028,40.45%
1003016,YP,Truffle Ranch,4174.601461376667,18776,10316.400000000001,0.5494461014060503,40.47%
2000030,YP,Veggie Pizza (Thin - Pan - NY)Dummy,0,20442,3754.5499999999993,0.1836684277467958,0.00%
1001074,YP,Veggie Slice,0,24,24,1,0.00%
1004013,YP,WATER Yelo,315.74528542,9097,2274.25,0.25,13.88%
1321,YP,Wedges Couple Feast,30734.740698574005,140554,23170.999999999996,0.16485478890675467,132.64%
2000084,YP,Yelo 1.500 OFFER,0,5128,7692,1.5,0.00%
6004041,YP,Yelo 3.5KD Offer,0,3343,11700.5,3.5,0.00%
1001096,YP,Yelo exta cheese,543.7537872408501,2704,1352,0.5,40.22%
2000089,YP,Yelo Feast.,0,18094,122122.25,6.749322979993368,0.00%
1001122,YP,Yelo KETCHUP,1354.85289896,36406,2890.7999999999997,0.07940449376476404,46.87%
1003841,YP,Yelo Kinza Citrus,221.29043078000004,3572,321.84999999999997,0.09010358342665173,68.76%
1003836,YP,Yelo Kinza Cola,676.6477091099999,10923,1094.8000000000002,0.10022887485123136,61.81%
1003835,YP,Yelo Mountain Dew,1415.3769722099998,17185,4014.75,0.23361943555426243,35.25%
76,YP,Yelo Mountain Dew Group-1,614.6078170999999,7459,1661.0999999999997,0.2226974125217857,37.00%
